编号,级别,简称,网址,https://www.google.com/s2/favicons?domain=,主关键词,次级词,判断网址,判断图片,其他标签,图标大小
1,1,中国政府网,http://www.gov.cn/,http://www.gov.cn/govweb/xhtml/favicon.ico,国务院,,,,,16
1,2,外交部,https://www.fmprc.gov.cn/web/,https://www.google.com/s2/favicons?domain=https://www.fmprc.gov.cn/web/,国务院,,,1,,
1,3,商务部,http://www.mofcom.gov.cn/,http://www.mofcom.gov.cn/assets/i/favicon_bak.png,国务院,,,,,32
1,4,司法部,http://www.moj.gov.cn/ ,http://www.legaldaily.com.cn/tongyong/images/2019sfb/2019favicon.ico,国务院,,,,,16
1,5,财政部,http://www.mof.gov.cn/index.htm ,http://www.mof.gov.cn/images/favicon.ico,国务院,,,,,16
1,6,教育部,http://www.moe.gov.cn/,http://www.moe.gov.cn/favorite.ico,国务院,,,,,16
1,7,公安部,https://www.mps.gov.cn/,https://www.mps.gov.cn/favicon.ico,国务院,,,,,16
1,8,民政部,http://www.mca.gov.cn/,http://www.mca.gov.cn/favicon.ico,国务院,,,,,16
1,9,国防部,http://www.mod.gov.cn/,http://www.mod.gov.cn/favicon.ico,国务院,,,,,256
1,999,国家林业和草原局,http://www.forestry.gov.cn/,http://www.forestry.gov.cn/favicon.ico,国务院,,,,,53
1,999,国家公园管理局,http://www.forestry.gov.cn/,http://www.forestry.gov.cn/favicon.ico,国务院,,,,,53
1,,交通运输部,http://www.mot.gov.cn/,https://www.google.com/s2/favicons?domain=http://www.mot.gov.cn/,国务院,,,1,,
1,,生态环境部,http://www.mee.gov.cn/,http://www.mee.gov.cn/favicon.ico,国务院,,,,,16
1,,水利部,http://www.mwr.gov.cn/,http://www.mwr.gov.cn/favicon.ico,国务院,,,,,16
1,,农业农村部,http://www.moa.gov.cn/,http://www.moa.gov.cn/favicon.ico,国务院,,,,,16
1,,文化和旅游部,https://www.mct.gov.cn/,https://www.mct.gov.cn/favicon.ico,国务院,,,,,32
1,,国家药品监督管理局,https://www.nmpa.gov.cn/,https://www.nmpa.gov.cn/wbppimages/favicon.ico,国务院,,,,,16
1,,国家语言文字工作委员会,http://www.moe.gov.cn/jyb_sy/China_Language/,http://www.moe.gov.cn/favorite.ico,国务院,,,,,16
1,,中国人民银行,http://www.pbc.gov.cn/,http://www.pbc.gov.cn/rmyh/uiFramework/commonResource/image/logo.ico,国务院,,,,,16
1,,中国民用航空局,http://www.caac.gov.cn/index.html,http://www.caac.gov.cn/images/favicon.png,国务院,,,,,197
1,,国家知识产权局,https://www.cnipa.gov.cn/,https://www.cnipa.gov.cn/favicon.ico,国务院,,,,,128
1,,工业和信息化部,https://www.miit.gov.cn/,https://www.miit.gov.cn/favicon.ico,国务院,,,,,32
1,,国家民族事务委员会,http://www.neac.gov.cn/,http://www.neac.gov.cn/favicon.ico,国务院,,,,,32
1,,科学技术部,http://www.most.gov.cn/,http://www.most.gov.cn/favicon.ico,国务院,,,,,16
1,,国家广播电视总局,http://www.nrta.gov.cn/,http://www.nrta.gov.cn/favicon.ico,国务院,,,,,32
1,,国家统计局,http://www.stats.gov.cn/,http://www.stats.gov.cn/favicon.ico,国务院,,,,,16
1,,国家国际发展合作署,http://www.cidca.gov.cn/,http://www.cidca.gov.cn/favicon.ico,国务院,,,,,16
1,,国家医疗保障局,http://www.nhsa.gov.cn/,http://www.nhsa.gov.cn/images/1/fp_pic_24.png,国务院,,,,,19
1,,国务院国有资产监督管理委员会,http://www.sasac.gov.cn/,http://www.sasac.gov.cn/dbsource/11869722/11869731.jpg,国务院,,,,,30
1,,国家发展和改革委员会,https://www.ndrc.gov.cn/,https://www.google.com/s2/favicons?domain=https://www.ndrc.gov.cn/,国务院,,,1,,
1,,人力资源和社会保障部,http://www.mohrss.gov.cn/,https://www.google.com/s2/favicons?domain=http://www.mohrss.gov.cn/,国务院,,,1,,
1,,住房和城乡建设部,http://www.mohurd.gov.cn/,https://www.google.com/s2/favicons?domain=http://www.mohurd.gov.cn/,国务院,,,1,,
1,,国家卫生健康委员会,http://www.nhc.gov.cn/,https://www.google.com/s2/favicons?domain=http://www.nhc.gov.cn/,国务院,,,1,,
1,,审计署,http://www.audit.gov.cn/,https://www.google.com/s2/favicons?domain=http://www.audit.gov.cn/,国务院,,,1,,
1,,国家航天局,http://www.cnsa.gov.cn/,https://www.google.com/s2/favicons?domain=http://www.cnsa.gov.cn/,国务院,,,1,,
1,,国家原子能机构,http://www.caea.gov.cn/,https://www.google.com/s2/favicons?domain=http://www.caea.gov.cn/,国务院,,,1,,
1,,海关总署,http://www.customs.gov.cn/,https://www.google.com/s2/favicons?domain=http://www.customs.gov.cn/,国务院,,,,,
1,,国家税务总局,http://www.chinatax.gov.cn/,https://www.google.com/s2/favicons?domain=http://www.chinatax.gov.cn/,国务院,,,1,,
1,,国家体育总局,http://www.sport.gov.cn/,https://www.google.com/s2/favicons?domain=http://www.sport.gov.cn/,国务院,,,1,,
1,,国务院参事室,http://www.counsellor.gov.cn/,https://www.google.com/s2/favicons?domain=http://www.counsellor.gov.cn/,国务院,,,1,,
1,,国家机关事务管理局,http://www.ggj.gov.cn/,https://www.google.com/s2/favicons?domain=http://www.ggj.gov.cn/,国务院,,,1,,
1,,国家宗教事务局,http://www.sara.gov.cn/gjzjswjhtml/index.html,https://www.google.com/s2/favicons?domain=http://www.sara.gov.cn/gjzjswjhtml/index.html,国务院,,,1,,
1,,国务院港澳事务办公室,https://www.hmo.gov.cn/,https://www.google.com/s2/favicons?domain=https://www.hmo.gov.cn/,国务院,,,1,,
1,,国务院侨务办公室,http://www.gqb.gov.cn/,https://www.google.com/s2/favicons?domain=http://www.gqb.gov.cn/,国务院,,,1,,
1,,国务院台湾事务办公室,http://www.gwytb.gov.cn/,https://www.google.com/s2/favicons?domain=http://www.gwytb.gov.cn/,国务院,,,1,,
1,,新华社,http://203.192.6.89/xhs/,https://www.google.com/s2/favicons?domain=http://203.192.6.89/xhs/,国务院,,,1,,
1,,国务院发展研究中心,https://www.drc.gov.cn/default.aspx,https://www.google.com/s2/favicons?domain=https://www.drc.gov.cn/default.aspx,国务院,,,1,,
1,,中国证券监督管理委员会,http://www.csrc.gov.cn/pub/newsite/,https://www.google.com/s2/favicons?domain=http://www.csrc.gov.cn/pub/newsite/,国务院,,,1,,
1,,国家能源局,http://www.nea.gov.cn/,https://www.google.com/s2/favicons?domain=http://www.nea.gov.cn/,国务院,,,1,,
1,,国家国防科技工业局,http://www.sastind.gov.cn/,https://www.google.com/s2/favicons?domain=http://www.sastind.gov.cn/,国务院,,,1,,
1,,国家烟草专卖局,http://www.tobacco.gov.cn/gjyc/index.shtml,https://www.google.com/s2/favicons?domain=http://www.tobacco.gov.cn/gjyc/index.shtml,国务院,,,1,,
1,,国家铁路局,http://www.nra.gov.cn/,https://www.google.com/s2/favicons?domain=http://www.nra.gov.cn/,国务院,,,1,,
1,,国家邮政局,http://www.spb.gov.cn/,https://www.google.com/s2/favicons?domain=http://www.spb.gov.cn/,国务院,,,1,,
1,,国家文物局,http://www.ncha.gov.cn/,https://www.google.com/s2/favicons?domain=http://www.ncha.gov.cn/,国务院,,,1,,
1,,国家档案局,https://www.saac.gov.cn/,https://www.google.com/s2/favicons?domain=https://www.saac.gov.cn/,国务院,,,1,,
1,,国家保密局,http://www.gjbmj.gov.cn/,https://www.google.com/s2/favicons?domain=http://www.gjbmj.gov.cn/,国务院,,,1,,
1,,国家密码管理局,https://www.oscca.gov.cn/,https://www.google.com/s2/favicons?domain=https://www.oscca.gov.cn/,国务院,,,1,,
1,,退役军人事务部,https://www.mct.gov.cn/,http://www.mva.gov.cn/favicon.ico,国务院,,,,,16
1,,应急管理部,http://www.mem.gov.cn/,http://www.mem.gov.cn/image/favicon.ico,国务院,,,,,64
1,,国家核安全局,http://nnsa.mee.gov.cn/,http://nnsa.mee.gov.cn/favicon.ico,国务院,,,,,16
1,,国家市场监督管理总局,http://www.samr.gov.cn/,http://www.samr.gov.cn/favicon.ico,国务院,,,,,16
1,,国家认证认可监督管理委员会,http://www.cnca.gov.cn/,http://www.cnca.gov.cn/favicon.ico,国务院,,,,,16
1,,国家标准化管理委员会,http://www.sac.gov.cn/,http://www.sac.gov.cn/favicon.ico,国务院,,,,,16
1,,国家版权局网,http://www.ncac.gov.cn/,http://www.ncac.gov.cn/chinacopyright/favicon.ico,国务院,,,,,32
1,,国务院研究室,http://www.gov.cn/guoqing/2018-06/22/content_5300522.htm,http://www.gov.cn/govweb/xhtml/favicon.ico,国务院,,,,,16
1,,中共中央网络安全和信息化委员会办公室,http://www.cac.gov.cn/,http://www.cac.gov.cn/favicon.ico,国务院,,,,,16
1,,国务院新闻办公室,http://www.scio.gov.cn/index.htm,http://www.scio.gov.cn/favicon.ico,国务院,,,,,256
1,,中国科学院,http://www.cas.ac.cn/,http://www.cas.cn/lib/images/favicon.ico,国务院,,,,,64
1,,中国社会科学院,http://cass.cssn.cn/,http://cass.cssn.cn/favicon.ico,国务院,,,,,16
1,,中国工程院,http://www.cae.cn/,http://www.cae.cn/cae/favicon.ico,国务院,,,,,32
1,,中国气象局,http://www.cma.gov.cn/,http://www.cma.gov.cn/favicon.ico,国务院,,,,,16
1,,中国银行保险监督管理委员会,http://www.cbirc.gov.cn/cn/view/pages/index/index.html,http://www.cbirc.gov.cn/cn/static/favicon.ico,国务院,,,,,128
1,,国家信访局,https://www.gjxfj.gov.cn/gjxfj/index.htm,https://www.gjxfj.gov.cn/favicon.ico,国务院,,,,,32
1,,国家粮食和物资储备局,http://www.lswz.gov.cn/,http://www.lswz.gov.cn/html/xhtml/images/favicon.ico,国务院,,,,,16
1,,国家移民管理局,https://www.nia.gov.cn/,https://www.nia.gov.cn/titlepic/new-guohui.ico,国务院,,,,,1024
1,,国家中医药管理局,http://www.satcm.gov.cn/,http://www.satcm.gov.cn/favicon.ico,国务院,,,,,256
1,,国家外汇管理局,http://www.safe.gov.cn/,http://www.safe.gov.cn/safe/templateresource/372b1dfdab204181b9b4f943a8e926a6/images/safe.ico,国务院,,,,,32
2,1,中国政协网,http://www.cppcc.gov.cn/,http://www.cppcc.gov.cn/image/favicon.ico,政协,,,,,16
2,100,北京,http://www.bjzx.gov.cn/,http://test1.ttde.cn/bjzx/m/image/favicon.ico,政协,北京,,,,25
2,200,天津,http://www.tjszx.gov.cn/,https://www.google.com/s2/favicons?domain=http://www.tjszx.gov.cn/,政协,天津,,1,,
2,300,上海,http://www.shszx.gov.cn/,https://www.google.com/s2/favicons?domain=http://www.shszx.gov.cn/,政协,上海,,1,,
2,400,重庆,http://www.cqzx.gov.cn/,https://www.google.com/s2/favicons?domain=http://www.cqzx.gov.cn/,政协,重庆,,1,,
2,500,广西,http://www.gxzx.gov.cn/,http://www.gxzx.gov.cn/favicon.ico,政协,广西,,,,241
2,600,内蒙古,http://www.nmgzx.gov.cn/webpage/homepage/index.html,http://www.nmgzx.gov.cn/favicon.ico,政协,内蒙古,,,,268
2,700,宁夏,http://www.nxzx.gov.cn/,https://www.google.com/s2/favicons?domain=http://www.nxzx.gov.cn/,政协,宁夏,,1,,
2,800,西藏,http://www.xizangzx.gov.cn/,http://www.xizangzx.gov.cn/images/favicon.ico,政协,西藏,,,,16
2,900,新疆,http://www.xjzx.gov.cn/,https://www.google.com/s2/favicons?domain=http://www.xjzx.gov.cn/,政协,新疆,,1,,
2,1000,安徽,http://www.ahzx.gov.cn/,https://www.google.com/s2/favicons?domain=http://www.ahzx.gov.cn/,政协,安徽,,1,,
2,1100,福建,http://www.fjzx.gov.cn/,http://www.fjzx.gov.cn/r/cms/www/fjszxmhwz/image/favicon.ico,政协,福建,,,,25
2,1200,甘肃,http://www.gszx.gov.cn/,http://www.gszx.gov.cn/favicon.ico,政协,甘肃,,,,32
2,1300,广东,http://www.gdzxb.gov.cn/,http://www.gdzxb.gov.cn/favicon.ico,政协,广东,,,,32
2,1301,广州市,https://www.gzzx.gov.cn/,https://www.gzzx.gov.cn/images/iconcf134.ico,政协,广东,,,,40
2,1302,深圳市,http://www.szzx.gov.cn/,https://www.google.com/s2/favicons?domain=http://www.szzx.gov.cn/,政协,广东,,1,,
2,1303,珠海市,http://www.zhzx.gov.cn/,https://www.google.com/s2/favicons?domain=http://www.zhzx.gov.cn/,政协,广东,,1,,
2,1304,汕头市,http://stzx.shantou.gov.cn/,https://www.google.com/s2/favicons?domain=http://stzx.shantou.gov.cn/,政协,广东,,1,,
2,1305,佛山市,http://www.fszx.gov.cn/,https://www.google.com/s2/favicons?domain=http://www.fszx.gov.cn/,政协,广东,,1,,
2,1306,韶关市,http://www.sgzxb.gov.cn/,https://www.google.com/s2/favicons?domain=http://www.sgzxb.gov.cn/,政协,广东,,1,,
2,1307,河源市,http://www.gdhyzx.gov.cn/hyzx/index.html,https://www.google.com/s2/favicons?domain=http://www.gdhyzx.gov.cn/hyzx/index.html,政协,广东,,1,,
2,1308,梅州市,http://www.mzzx.gov.cn/,https://www.google.com/s2/favicons?domain=http://www.mzzx.gov.cn/,政协,广东,,1,,
2,1309,惠州市,http://zx.huizhou.gov.cn/,https://www.google.com/s2/favicons?domain=http://zx.huizhou.gov.cn/,政协,广东,,1,,
2,1310,汕尾市,http://www.swzx.gov.cn/,https://www.google.com/s2/favicons?domain=http://www.swzx.gov.cn/,政协,广东,,1,,
2,1311,东莞市,http://dgzx.dg.gov.cn/,https://www.google.com/s2/favicons?domain=http://dgzx.dg.gov.cn/,政协,广东,,1,,
2,1312,中山市,http://zszx.zsnews.cn/,https://www.google.com/s2/favicons?domain=http://zszx.zsnews.cn/,政协,广东,,1,,
2,1313,江门市,http://zx.jiangmen.cn/,https://www.google.com/s2/favicons?domain=http://zx.jiangmen.cn/,政协,广东,,1,,
2,1314,阳江市,https://www.yjszx.gov.cn/default.html,https://www.google.com/s2/favicons?domain=https://www.yjszx.gov.cn/default.html,政协,广东,,1,,
2,1315,湛江市,http://www.gdzjzx.gov.cn/,https://www.google.com/s2/favicons?domain=http://www.gdzjzx.gov.cn/,政协,广东,,,,
2,1316,茂名市,http://zx.maoming.gov.cn/website/main/jsp/index.jsp,https://www.google.com/s2/favicons?domain=http://zx.maoming.gov.cn/website/main/jsp/index.jsp,政协,广东,,1,,
2,1317,肇庆市,http://zqzx.gov.cn/index.html,https://www.google.com/s2/favicons?domain=http://zqzx.gov.cn/index.html,政协,广东,,1,,
2,1318,潮州市,http://czzx.gov.cn/,https://www.google.com/s2/favicons?domain=http://czzx.gov.cn/,政协,广东,,1,,
2,1319,揭阳市,http://www.jieyangzhengxie.gov.cn/,https://www.google.com/s2/favicons?domain=http://www.jieyangzhengxie.gov.cn/,政协,广东,,1,,
2,1320,云浮市,http://zx.yunfu.gov.cn/,https://www.google.com/s2/favicons?domain=http://zx.yunfu.gov.cn/,政协,广东,,1,,
2,1400,贵州,https://www.gzszx.gov.cn/,https://www.google.com/s2/favicons?domain=https://www.gzszx.gov.cn/,政协,贵州,,1,,
2,1500,海南,http://www.hainanzx.gov.cn/default.html,https://www.google.com/s2/favicons?domain=http://www.hainanzx.gov.cn/default.html,政协,海南,,1,,
2,1600,河北,http://www.hebzx.gov.cn/,https://www.google.com/s2/favicons?domain=http://www.hebzx.gov.cn/,政协,河北,,1,,
2,1700,河南,http://www.hnzx.gov.cn/,https://www.google.com/s2/favicons?domain=http://www.hnzx.gov.cn/,政协,河南,,,,
2,1800,黑龙江,http://www.hljzx.gov.cn/,https://www.google.com/s2/favicons?domain=http://www.hljzx.gov.cn/,政协,黑龙江,,1,,
2,1801,哈尔滨市,https://www.hrbzx.gov.cn/,https://www.google.com/s2/favicons?domain=https://www.hrbzx.gov.cn/,政协,黑龙江,,1,,
2,1900,湖北,https://www.hbzx.gov.cn/,https://www.hbzx.gov.cn/favicon.ico,政协,湖北,,,,32
2,1901,武汉市,http://www.whzx.org.cn/,https://www.google.com/s2/favicons?domain=http://www.whzx.org.cn/,政协,湖北,,1,,
2,2000,湖南,https://www.hunanzx.gov.cn/,https://www.google.com/s2/favicons?domain=https://www.hunanzx.gov.cn/,政协,湖南,,1,,
2,2100,吉林,http://www.jlzx.gov.cn/index.jhtml,https://www.google.com/s2/favicons?domain=http://www.jlzx.gov.cn/index.jhtml,政协,吉林,,1,,
2,2200,江苏,http://www.jszx.gov.cn/,https://www.google.com/s2/favicons?domain=http://www.jszx.gov.cn/,政协,江苏,,1,,
2,2300,江西,https://jxzx.jxnews.com.cn/,https://www.google.com/s2/favicons?domain=https://jxzx.jxnews.com.cn/,政协,江西,,1,,
2,2400,辽宁,http://www.lnzx.gov.cn/,https://www.google.com/s2/favicons?domain=http://www.lnzx.gov.cn/,政协,辽宁,,1,,
2,2500,青海,http://www.qhszx.gov.cn/,https://www.google.com/s2/favicons?domain=http://www.qhszx.gov.cn/,政协,青海,,1,,
2,2600,山东,http://www.sdzx.gov.cn/,https://www.google.com/s2/favicons?domain=http://www.sdzx.gov.cn/,政协,山东,,1,,
2,2700,山西,http://www.shanxizx.gov.cn/,https://www.google.com/s2/favicons?domain=http://www.shanxizx.gov.cn/,政协,山西,,1,,
2,2800,陕西,http://www.sxzx.gov.cn/,http://www.sxzx.gov.cn/favicon.ico,政协,陕西,,,,32
2,2900,四川,http://www.sczx.gov.cn/,https://www.google.com/s2/favicons?domain=http://www.sczx.gov.cn/,政协,四川,,1,,
2,3000,云南,http://www.ynzx.gov.cn/,https://www.google.com/s2/favicons?domain=http://www.ynzx.gov.cn/,政协,云南,,1,,
2,3100,浙江,http://www.zjzx.gov.cn/,http://www.zjzx.gov.cn/favicon.ico,政协,浙江,,1,,32
3,1,光明网,http://www.gmw.cn/,http://www.gmw.cn/favicon.ico,中央媒体,,,,,64
3,2,新华网,http://www.xinhuanet.com/,http://www.xinhuanet.com/favicon.ico,中央媒体,,,1,,16
3,3,人民网,http://www.people.com.cn/,http://www.people.com.cn/favicon.ico,中央媒体,,,,,16
3,4,央广网,http://www.cnr.cn/,http://www.cnr.cn/favicon.ico,中央媒体,,,,,16
3,5,央视网,https://www.cctv.com/,https://www.cctv.com/favicon.ico,中央媒体,,,,,16
3,6,中国经济网,http://www.ce.cn/,http://www.ce.cn/favicon.ico,中央媒体,,,,,16
3,7,中国日报网,http://www.chinadaily.com.cn/,http://www.chinadaily.com.cn/favicon.ico,中央媒体,,,,,32
3,8,求是网,http://www.qstheory.cn/,http://www.qstheory.cn/favicon.ico,中央媒体,,,,,16
3,9,中国网,http://www.china.com.cn/index.shtml,http://www.china.com.cn/favicon.ico,中央媒体,,,,,32
3,10,中青在线,http://www.cyol.com/,http://www.cyol.com/themes/cyol/assets/images/cyol/cyol_logo.png,中央媒体,,,,,72
3,11,中国法院网,https://www.chinacourt.org/index.shtml,https://www.chinacourt.org/share/images/favicon.ico,中央媒体,,,,,16
3,12,中国新闻网,http://www.chinanews.com/,https://www.google.com/s2/favicons?domain=http://www.chinanews.com/,中央媒体,,,1,,
3,13,正义网,http://www.jcrb.com/,http://www.jcrb.com/favicon.ico,中央媒体,,,,,32
3,14,中工网,http://www.workercn.cn/,http://www.workercn.cn/favicon.ico,中央媒体,,,,,32
4,1,百度搜索,http://www.baidu.com/,https://www.baidu.com/favicon.ico,搜索,,,,,64
4,,Google搜索,https://www.google.com/,https://www.google.com/favicon.ico,搜索,,,,,32
5,1,正协信息客栈,https://zhengxie.info/,https://zhengxie.info/common/image/favicon.ico,导航网站,,,,,256
5,,hao123,https://www.hao123.com/,https://www.hao123.com/favicon.ico,导航网站,,,,,32
5,,谷歌265,http://www.265.com/,http://www.265.com/static/pages/img/favicon.ico,导航网站,,,,,16
5,,360导航,https://hao.360.com/,https://hao.360.com/favicon.ico,导航网站,,,,,16
6,1,天猫,https://www.tmall.com/,https://zhengxie.info/common/image/favicon/天猫32.gif,购物网站,,,,,天猫32.gif
6,,淘宝网,https://www.taobao.com/,https://img.alicdn.com/tfs/TB1VlKFRpXXXXcNapXXXXXXXXXX-16-16.png,购物网站,,,,,16
6,,京东,https://www.jd.com/,https://www.jd.com/favicon.ico,购物网站,,,,,48
6,,苏宁易购,https://www.suning.com/,https://www.suning.com/favicon.ico,购物网站,,,,,16
7,1,招商银行,http://www.cmbchina.com/,http://www.cmbchina.com/cmb.ico,银行,,,,,48
7,11,中国银行,https://www.boc.cn/,https://www.boc.cn/favicon.ico,银行,国有,,,,16
7,12,中国工商银行,http://www.icbc.com.cn/icbc/,https://www.google.com/s2/favicons?domain=http://www.icbc.com.cn/icbc/,银行,国有,,1,,
7,13,中国农业银行,http://www.abchina.com/cn/,http://www.abchina.com/favicon.ico,银行,国有,,,,16
7,14,中国建设银行,http://www.ccb.com/,http://www.ccb.com/favicon.ico,银行,国有,,,,16
7,15,交通银行,http://www.bankcomm.com/,http://www.bankcomm.com/favicon.ico,银行,国有,,,,16
7,16,中国邮政储蓄银行,http://www.psbc.com/cn/,https://www.google.com/s2/favicons?domain=http://www.psbc.com/cn/,银行,其他,,2,,
7,17,中信银行,http://www.citicbank.com/,http://www.citicbank.com/favicon.ico,银行,其他,,,,16
7,18,中国光大银行,http://www.cebbank.com/,http://www.cebbank.com/favicon.ico,银行,其他,,,,16
7,19,华夏银行,https://www.hxb.com.cn/,https://www.hxb.com.cn/statics/hxb.ico,银行,其他,,,,16
7,20,兴业银行,https://www.cib.com.cn/,https://www.cib.com.cn/favicon.ico,银行,其他,,,,48
7,21,广发银行,http://www.cgbchina.com.cn/,http://www.cgbchina.com.cn/static/CN/images/favicon.ico,银行,其他,,,,16
7,22,中国民生银行,http://www.cmbc.com.cn/,http://www.cmbc.com.cn/favicon.ico,银行,其他,,,,16
7,23,浦发银行,https://www.spdb.com.cn/,https://www.google.com/s2/favicons?domain=https://www.spdb.com.cn/,银行,其他,,1,,
7,24,渤海银行,http://www.cbhb.com.cn,https://www.google.com/s2/favicons?domain=http://www.cbhb.com.cn,银行,其他,,1,,
7,25,浙商银行,http://www.czbank.com,http://www.czbank.com/cn/images/favicon.ico,银行,其他,,,,48
7,,北京银行,http://www.bankofbeijing.com.cn,https://www.google.com/s2/favicons?domain=http://www.bankofbeijing.com.cn,银行,其他,,1,,
7,,徽商银行,http://www.hsbank.com.cn,http://www.hsbank.com.cn/favicon.ico,银行,其他,,,,32
7,,天津银行,http://www.tccb.com.cn,http://www.tccb.com.cn/images/site.ico,银行,其他,,,,126
7,,上海银行,http://www.bankofshanghai.com,https://www.bosc.cn/favicon.ico,银行,其他,,,,16
7,,南京银行,http://www.njcb.com.cn,http://www.njcb.com.cn/favicon.ico,银行,其他,,,,32
7,,宁波银行,http://www.nbcb.com.cn,http://www.nbcb.com.cn/images/favicon.ico,银行,其他,,,,16
7,,杭州银行,http://www.hccb.com.cn,https://www.google.com/s2/favicons?domain=http://www.hccb.com.cn,银行,其他,,1,,
7,,江苏银行,http://www.jsbchina.cn,http://www.jsbchina.cn/data/tosend/resource/template/jiangsubank/images/favicon.ico,银行,其他,,,,31
7,,蒙商银行,http://www.bsb.com.cn,http://www.bsb.com.cn/favicon.ico,银行,其他,,,,16
7,,温州银行,http://www.wzcb.com.cn,https://www.google.com/s2/favicons?domain=http://www.wzcb.com.cn,银行,其他,,1,,
7,,广州银行,http://www.gzcb.com.cn,https://www.google.com/s2/favicons?domain=http://www.gzcb.com.cn,银行,其他,,,,
7,,重庆银行,http://www.cqcbank.com,https://www.google.com/s2/favicons?domain=http://www.cqcbank.com,银行,其他,,1,,
7,,河北银行,http://www.hebbank.com/,https://www.google.com/s2/favicons?domain=http://www.hebbank.com/,银行,其他,,1,,
7,,青岛银行,http://www.qdccb.com,http://www.qdccb.com/favicon.ico,银行,其他,,,,64
7,,哈尔滨银行,http://www.hrbcb.com.cn,https://www.google.com/s2/favicons?domain=http://www.hrbcb.com.cn,银行,其他,,1,,
7,,大连银行,http://www.bankofdl.com/,http://www.bankofdl.com/static/pc/images/favicon.ico,银行,其他,,,,32
7,,恒丰银行,http://m.hfbank.com.cn/,https://www.hfbank.com.cn/images/favicon.ico,银行,其他,,,,32
7,,北京农商银行,http://www.bjrcb.com,https://www.google.com/s2/favicons?domain=http://www.bjrcb.com,银行,其他,,1,,
7,,上海农商银行,http://www.srcb.com,https://www.google.com/s2/favicons?domain=http://www.srcb.com,银行,其他,,1,,
7,,深圳农村商业银行,http://www.4001961200.com/,http://www.4001961200.com/themes/szrcb/favicon.ico,银行,其他,,,,48
7,,重庆农村商业银行,http://www.cqrcb.com,https://www.google.com/s2/favicons?domain=http://www.cqrcb.com,银行,其他,,1,,
7,,广州农商银行,http://www.grcbank.com/,http://www.grcbank.com/styles/index/images/favicon.ico,银行,其他,,,,16
8,1,太平洋保险,http://www.cpic.com.cn/,https://www.cpiccdn.com/images/v2/favicon.gif,保险,,,,,32
8,,中国人寿,https://www.e-chinalife.com/,https://www.google.com/s2/favicons?domain=https://www.e-chinalife.com/,保险,,,1,,
8,,中国平安,https://www.pingan.com/,https://www.pingan.com/favicon.ico,保险,,,,,16
8,,泰康保险,http://www.taikang.com/,https://www.google.com/s2/favicons?domain=http://www.taikang.com/,保险,,,,,
8,,中国人民保险,https://www.picc.com/,https://www.picc.com/favicon.ico,保险,,,,,16
8,,新华保险,https://www.newchinalife.com/,https://www.newchinalife.com/favicon.ico,保险,,,,,37
8,,友邦保险,https://www.aia.com.cn/zh-cn/index.html,https://www.aia.com.cn/favicon.ico,保险,,,,,16
9,1,国信证券,https://www.guosen.com.cn/gs/index.html,https://www.guosen.com.cn/favicon.ico,证券公司,,,,,64
9,,国泰君安证券,https://www.gtja.com/,https://www.google.com/s2/favicons?domain=https://www.gtja.com/,证券公司,,,1,,
9,,广发证券,http://www.gf.com.cn/,http://www.gf.com.cn/images/favicon.ico,证券公司,,,,,32
9,,中国银河证券,http://www.chinastock.com.cn/,https://www.google.com/s2/favicons?domain=http://www.chinastock.com.cn/,证券公司,,,,,
9,,方正证券,https://www.foundersc.com/,https://www.foundersc.com/r/cms/www/default/img/logo1.ico,证券公司,,,,,16
9,,光大证券,http://www.ebscn.com/main/index/index.html,http://www.ebscn.com/favicon.ico,证券公司,,,,,16
9,,华泰证券,https://www.htsc.com.cn/,https://www.htsc.com.cn/favicon.ico,证券公司,,,,,16
9,,安信证券,http://www.essence.com.cn/,http://static1.essence.com.cn/v6/img/logoico.ico,证券公司,,,,,16
9,,西部证券,http://www.west95582.com/jdw/index.html,http://www.west95582.com/jdw/images/favicon.ico,证券公司,,,,,32
9,,中信证券,http://www.cs.ecitic.com/newsite/,http://www.cs.ecitic.com/newsite/favicon.ico,证券公司,,,,,16
9,,国海证券,http://www.ghzq.com.cn/,https://www.google.com/s2/favicons?domain=http://www.ghzq.com.cn/,证券公司,,,,,
10,1,Foxmail,https://www.foxmail.com/,https://www.foxmail.com/favicon.ico,邮箱,,,,,32
10,,QQ邮箱,https://mail.qq.com/,https://mail.qq.com/zh_CN/htmledition/images/favicon/qqmail_favicon_32h.png,邮箱,,,,,32
10,,Gmail,https://mail.google.com/,https://ssl.gstatic.com/ui/v1/icons/mail/rfr/gmail.ico,邮箱,,,,,256
10,,Outlook,https://outlook.live.com/,https://outlook-1.cdn.office.net/owamail/20210315003.14/resources/images/favicons/mail-seen.ico,邮箱,,,,,32
10,,新浪邮箱,https://mail.sina.com.cn/,https://mail.sina.com.cn/favicon.ico,邮箱,,,,,32
10,,雅虎Yahoo,https://login.yahoo.com/,https://s.yimg.com/wm/mbr/images/yahoo-favicon-img-v0.0.2.ico,邮箱,,,,,16
10,,126邮箱,http://www.126.com/,https://www.google.com/s2/favicons?domain=http://www.126.com/,邮箱,,,1,,
10,,163邮箱,https://mail.163.com/,https://www.google.com/s2/favicons?domain=https://mail.163.com/,邮箱,,,1,,
11,1,wallhaven,https://wallhaven.cc/,https://wallhaven.cc/favicon.ico,壁纸,,,,,16
11,,故宫壁纸,https://www.dpm.org.cn/lights/royal.html,https://www.dpm.org.cn/favicon.ico,壁纸,,,,,32
11,,极简壁纸,https://bz.zzzmh.cn/,https://bz.zzzmh.cn/favicon.ico,壁纸,,,,,32
12,1,阿里云,https://cn.aliyun.com/,https://img.alicdn.com/tfs/TB1_ZXuNcfpK1RjSZFOXXa6nFXa-32-32.ico,云服务,,,,,32
12,,腾讯云,https://cloud.tencent.com/,https://cloud.tencent.com/favicon.ico?t=201902181234,云服务,,,,,32
12,,百度云,https://cloud.baidu.com/,https://bce.bdstatic.com/img/favicon.ico,云服务,,,,,128
12,,华为云,https://www.huaweicloud.com/,https://res-static3.huaweicloud.com/content/dam/cloudbu-site/archive/commons/web_resoure/framework/favicon/favicon.ico?sttl=202012172120,云服务,,,,,16
12,,AWS,https://aws.amazon.com/cn/,https://a0.awsstatic.com/libra-css/images/site/fav/favicon.ico,云服务,,,,,16
12,,Google Cloud,https://cloud.google.com/,https://www.gstatic.com/devrel-devsite/prod/v3069b08f6c9d146fa6a9c7f184b2836998ab5f12cefec1342a7bf6dca024aa94/cloud/images/favicons/onecloud/favicon.ico,云服务,,,,,32
13,1,Google搜索,https://www.google.com/,https://www.google.com/favicon.ico,Google,,,,,32
13,,翻译,https://translate.google.cn/,https://ssl.gstatic.com/translate/favicon.ico,Google,,,,,64
13,,云端硬盘,https://drive.google.com/,https://ssl.gstatic.com/images/branding/product/1x/drive_2020q4_32dp.png,Google,,,,,32
13,,Google AdSense,https://www.google.com/adsense/,https://ssl.gstatic.com/adsense/apps/static/bidi/adsense3_antipasti_server_20210317-12_RC00/common/resources/favicon.ico,Google,,,,,32
14,1,百度统计,https://tongji.baidu.com/,https://tongji.baidu.com/favicon.ico,百度,,,,,32
14,,百度搜索,http://www.baidu.com/,https://www.baidu.com/favicon.ico,百度,,,,,64
