网址,<a></a>,第一关键词,https://www.google.com/s2/favicons?domain=,https://zhengxie.info/common/image/favicon/,排序—1,排序—2,国家,省份,城市
http://www.gov.cn/,中国政府网,国务院,http://www.gov.cn/govweb/xhtml/favicon.ico,16,1,1,,,
https://www.fmprc.gov.cn/web/,外交部,国务院,https://www.google.com/s2/favicons?domain=https://www.fmprc.gov.cn/web/,,1,101,,,
http://www.mofcom.gov.cn/,商务部,国务院,http://www.mofcom.gov.cn/assets/i/favicon_bak.png,32,1,102,,,
http://www.moj.gov.cn/ ,司法部,国务院,http://www.legaldaily.com.cn/tongyong/images/2019sfb/2019favicon.ico,16,1,103,,,
http://www.mof.gov.cn/index.htm ,财政部,国务院,http://www.mof.gov.cn/images/favicon.ico,16,1,104,,,
http://www.moe.gov.cn/,教育部,国务院,http://www.moe.gov.cn/favorite.ico,16,1,105,,,
https://www.mps.gov.cn/,公安部,国务院,https://www.mps.gov.cn/favicon.ico,16,1,105,,,
http://www.mca.gov.cn/,民政部,国务院,http://www.mca.gov.cn/favicon.ico,16,1,105,,,
http://www.mod.gov.cn/,国防部,国务院,http://www.mod.gov.cn/favicon.ico,256,1,105,,,
http://www.mot.gov.cn/,交通运输部,国务院,https://www.google.com/s2/favicons?domain=http://www.mot.gov.cn/,,1,105,,,
http://www.mee.gov.cn/,生态环境部,国务院,http://www.mee.gov.cn/favicon.ico,16,1,105,,,
http://www.mwr.gov.cn/,水利部,国务院,http://www.mwr.gov.cn/favicon.ico,16,1,105,,,
http://www.moa.gov.cn/,农业农村部,国务院,http://www.moa.gov.cn/favicon.ico,16,1,105,,,
https://www.mct.gov.cn/,文化和旅游部,国务院,https://www.mct.gov.cn/favicon.ico,32,1,105,,,
http://www.forestry.gov.cn/,国家林业和草原局,国务院,http://www.forestry.gov.cn/favicon.ico,53,1,999,,,
http://www.forestry.gov.cn/,国家公园管理局,国务院,http://www.forestry.gov.cn/favicon.ico,53,1,999,,,
https://www.nmpa.gov.cn/,国家药品监督管理局,国务院,https://www.nmpa.gov.cn/wbppimages/favicon.ico,16,1,,,,
http://www.moe.gov.cn/jyb_sy/China_Language/,国家语言文字工作委员会,国务院,http://www.moe.gov.cn/favorite.ico,16,1,,,,
http://www.pbc.gov.cn/,中国人民银行,国务院,http://www.pbc.gov.cn/rmyh/uiFramework/commonResource/image/logo.ico,16,1,,,,
http://www.caac.gov.cn/index.html,中国民用航空局,国务院,http://www.caac.gov.cn/images/favicon.png,197,1,,,,
https://www.cnipa.gov.cn/,国家知识产权局,国务院,https://www.cnipa.gov.cn/favicon.ico,128,1,,,,
https://www.miit.gov.cn/,工业和信息化部,国务院,https://www.miit.gov.cn/favicon.ico,32,1,,,,
http://www.neac.gov.cn/,国家民族事务委员会,国务院,http://www.neac.gov.cn/favicon.ico,32,1,,,,
http://www.most.gov.cn/,科学技术部,国务院,http://www.most.gov.cn/favicon.ico,16,1,,,,
http://www.nrta.gov.cn/,国家广播电视总局,国务院,http://www.nrta.gov.cn/favicon.ico,32,1,,,,
http://www.stats.gov.cn/,国家统计局,国务院,http://www.stats.gov.cn/favicon.ico,16,1,,,,
http://www.cidca.gov.cn/,国家国际发展合作署,国务院,http://www.cidca.gov.cn/favicon.ico,16,1,,,,
http://www.nhsa.gov.cn/,国家医疗保障局,国务院,http://www.nhsa.gov.cn/images/1/fp_pic_24.png,19,1,,,,
http://www.sasac.gov.cn/,国务院国有资产监督管理委员会,国务院,http://www.sasac.gov.cn/dbsource/11869722/11869731.jpg,30,1,,,,
https://www.ndrc.gov.cn/,国家发展和改革委员会,国务院,https://www.google.com/s2/favicons?domain=https://www.ndrc.gov.cn/,,1,,,,
http://www.mohrss.gov.cn/,人力资源和社会保障部,国务院,https://www.google.com/s2/favicons?domain=http://www.mohrss.gov.cn/,,1,,,,
http://www.mohurd.gov.cn/,住房和城乡建设部,国务院,https://www.google.com/s2/favicons?domain=http://www.mohurd.gov.cn/,,1,,,,
http://www.nhc.gov.cn/,国家卫生健康委员会,国务院,https://www.google.com/s2/favicons?domain=http://www.nhc.gov.cn/,,1,,,,
http://www.audit.gov.cn/,审计署,国务院,https://www.google.com/s2/favicons?domain=http://www.audit.gov.cn/,,1,,,,
http://www.cnsa.gov.cn/,国家航天局,国务院,https://www.google.com/s2/favicons?domain=http://www.cnsa.gov.cn/,,1,,,,
http://www.caea.gov.cn/,国家原子能机构,国务院,https://www.google.com/s2/favicons?domain=http://www.caea.gov.cn/,,1,,,,
http://www.customs.gov.cn/,海关总署,国务院,https://www.google.com/s2/favicons?domain=http://www.customs.gov.cn/,,1,,,,
http://www.chinatax.gov.cn/,国家税务总局,国务院,https://www.google.com/s2/favicons?domain=http://www.chinatax.gov.cn/,,1,,,,
http://www.sport.gov.cn/,国家体育总局,国务院,https://www.google.com/s2/favicons?domain=http://www.sport.gov.cn/,,1,,,,
http://www.counsellor.gov.cn/,国务院参事室,国务院,https://www.google.com/s2/favicons?domain=http://www.counsellor.gov.cn/,,1,,,,
http://www.ggj.gov.cn/,国家机关事务管理局,国务院,https://www.google.com/s2/favicons?domain=http://www.ggj.gov.cn/,,1,,,,
http://www.sara.gov.cn/gjzjswjhtml/index.html,国家宗教事务局,国务院,https://www.google.com/s2/favicons?domain=http://www.sara.gov.cn/gjzjswjhtml/index.html,,1,,,,
https://www.hmo.gov.cn/,国务院港澳事务办公室,国务院,https://www.google.com/s2/favicons?domain=https://www.hmo.gov.cn/,,1,,,,
http://www.gqb.gov.cn/,国务院侨务办公室,国务院,https://www.google.com/s2/favicons?domain=http://www.gqb.gov.cn/,,1,,,,
http://www.gwytb.gov.cn/,国务院台湾事务办公室,国务院,https://www.google.com/s2/favicons?domain=http://www.gwytb.gov.cn/,,1,,,,
http://203.192.6.89/xhs/,新华社,国务院,https://www.google.com/s2/favicons?domain=http://203.192.6.89/xhs/,,1,,,,
https://www.drc.gov.cn/default.aspx,国务院发展研究中心,国务院,https://www.google.com/s2/favicons?domain=https://www.drc.gov.cn/default.aspx,,1,,,,
http://www.csrc.gov.cn/pub/newsite/,中国证券监督管理委员会,国务院,https://www.google.com/s2/favicons?domain=http://www.csrc.gov.cn/pub/newsite/,,1,,,,
http://www.nea.gov.cn/,国家能源局,国务院,https://www.google.com/s2/favicons?domain=http://www.nea.gov.cn/,,1,,,,
http://www.sastind.gov.cn/,国家国防科技工业局,国务院,https://www.google.com/s2/favicons?domain=http://www.sastind.gov.cn/,,1,,,,
http://www.tobacco.gov.cn/gjyc/index.shtml,国家烟草专卖局,国务院,https://www.google.com/s2/favicons?domain=http://www.tobacco.gov.cn/gjyc/index.shtml,,1,,,,
http://www.nra.gov.cn/,国家铁路局,国务院,https://www.google.com/s2/favicons?domain=http://www.nra.gov.cn/,,1,,,,
http://www.spb.gov.cn/,国家邮政局,国务院,https://www.google.com/s2/favicons?domain=http://www.spb.gov.cn/,,1,,,,
http://www.ncha.gov.cn/,国家文物局,国务院,https://www.google.com/s2/favicons?domain=http://www.ncha.gov.cn/,,1,,,,
https://www.saac.gov.cn/,国家档案局,国务院,https://www.google.com/s2/favicons?domain=https://www.saac.gov.cn/,,1,,,,
http://www.gjbmj.gov.cn/,国家保密局,国务院,https://www.google.com/s2/favicons?domain=http://www.gjbmj.gov.cn/,,1,,,,
https://www.oscca.gov.cn/,国家密码管理局,国务院,https://www.google.com/s2/favicons?domain=https://www.oscca.gov.cn/,,1,,,,
https://www.mct.gov.cn/,退役军人事务部,国务院,http://www.mva.gov.cn/favicon.ico,16,1,,,,
http://www.mem.gov.cn/,应急管理部,国务院,http://www.mem.gov.cn/image/favicon.ico,64,1,,,,
http://nnsa.mee.gov.cn/,国家核安全局,国务院,http://nnsa.mee.gov.cn/favicon.ico,16,1,,,,
http://www.samr.gov.cn/,国家市场监督管理总局,国务院,http://www.samr.gov.cn/favicon.ico,16,1,,,,
http://www.cnca.gov.cn/,国家认证认可监督管理委员会,国务院,http://www.cnca.gov.cn/favicon.ico,16,1,,,,
http://www.sac.gov.cn/,国家标准化管理委员会,国务院,http://www.sac.gov.cn/favicon.ico,16,1,,,,
http://www.ncac.gov.cn/,国家版权局网,国务院,http://www.ncac.gov.cn/chinacopyright/favicon.ico,32,1,,,,
http://www.gov.cn/guoqing/2018-06/22/content_5300522.htm,国务院研究室,国务院,http://www.gov.cn/govweb/xhtml/favicon.ico,16,1,,,,
http://www.cac.gov.cn/,中共中央网络安全和信息化委员会办公室,国务院,http://www.cac.gov.cn/favicon.ico,16,1,,,,
http://www.scio.gov.cn/index.htm,国务院新闻办公室,国务院,http://www.scio.gov.cn/favicon.ico,256,1,,,,
http://www.cas.ac.cn/,中国科学院,国务院,http://www.cas.cn/lib/images/favicon.ico,64,1,,,,
http://cass.cssn.cn/,中国社会科学院,国务院,http://cass.cssn.cn/favicon.ico,16,1,,,,
http://www.cae.cn/,中国工程院,国务院,http://www.cae.cn/cae/favicon.ico,32,1,,,,
http://www.cma.gov.cn/,中国气象局,国务院,http://www.cma.gov.cn/favicon.ico,16,1,,,,
http://www.cbirc.gov.cn/cn/view/pages/index/index.html,中国银行保险监督管理委员会,国务院,http://www.cbirc.gov.cn/cn/static/favicon.ico,128,1,,,,
https://www.gjxfj.gov.cn/gjxfj/index.htm,国家信访局,国务院,https://www.gjxfj.gov.cn/favicon.ico,32,1,,,,
http://www.lswz.gov.cn/,国家粮食和物资储备局,国务院,http://www.lswz.gov.cn/html/xhtml/images/favicon.ico,16,1,,,,
https://www.nia.gov.cn/,国家移民管理局,国务院,https://www.nia.gov.cn/titlepic/new-guohui.ico,1024,1,,,,
http://www.satcm.gov.cn/,国家中医药管理局,国务院,http://www.satcm.gov.cn/favicon.ico,256,1,,,,
http://www.safe.gov.cn/,国家外汇管理局,国务院,http://www.safe.gov.cn/safe/templateresource/372b1dfdab204181b9b4f943a8e926a6/images/safe.ico,32,1,,,,
http://www.xinhuanet.com/,新华网,中央媒体,http://www.xinhuanet.com/favicon.ico,16,3,1,,,
http://www.people.com.cn/,人民网,中央媒体,http://www.people.com.cn/favicon.ico,16,3,2,,,
https://www.cctv.com/,央视网,中央媒体,https://www.cctv.com/favicon.ico,16,3,3,,,
http://www.cnr.cn/,央广网,中央媒体,http://www.cnr.cn/favicon.ico,16,3,4,,,
http://www.gmw.cn/,光明网,中央媒体,http://www.gmw.cn/favicon.ico,64,3,5,,,
http://www.qstheory.cn/,求是网,中央媒体,http://www.qstheory.cn/favicon.ico,16,3,6,,,
http://www.china.com.cn/index.shtml,中国网,中央媒体,http://www.china.com.cn/favicon.ico,32,3,7,,,
http://www.cyol.com/,中青在线,中央媒体,http://www.cyol.com/themes/cyol/assets/images/cyol/cyol_logo.png,72,3,8,,,
http://www.chinadaily.com.cn/,中国日报网,中央媒体,http://www.chinadaily.com.cn/favicon.ico,32,3,9,,,
http://www.ce.cn/,中国经济网,中央媒体,http://www.ce.cn/favicon.ico,16,3,10,,,
http://www.chinanews.com/,中国新闻网,中央媒体,https://www.google.com/s2/favicons?domain=http://www.chinanews.com/,,3,222,,,
https://www.chinacourt.org/index.shtml,中国法院网,中央媒体,https://www.chinacourt.org/share/images/favicon.ico,16,3,888,,,
http://www.jcrb.com/,正义网,中央媒体,http://www.jcrb.com/favicon.ico,32,3,888,,,
http://www.workercn.cn/,中工网,中央媒体,http://www.workercn.cn/favicon.ico,32,3,999,,,
http://www.baidu.com/,百度搜索,搜索,https://www.baidu.com/favicon.ico,64,9,1,,,
https://www.google.com/,Google搜索,搜索,https://www.google.com/favicon.ico,32,9,2,,,
https://zhengxie.info/,正协信息客栈,导航网站,https://zhengxie.info/common/image/favicon.ico,256,15,1,,,
https://www.google.com/,Google搜索,Google,https://www.google.com/favicon.ico,32,20,1,,,
https://translate.google.cn/,翻译,Google,https://ssl.gstatic.com/translate/favicon.ico,64,20,2,,,
https://drive.google.com/,云端硬盘,Google,https://ssl.gstatic.com/images/branding/product/1x/drive_2020q4_32dp.png,32,20,3,,,
https://www.google.com/adsense/,Google AdSense,Google,https://ssl.gstatic.com/adsense/apps/static/bidi/adsense3_antipasti_server_20210317-12_RC00/common/resources/favicon.ico,32,20,4,,,
http://www.baidu.com/,百度搜索,百度,https://www.baidu.com/favicon.ico,64,25,1,,,
https://tongji.baidu.com/,百度统计,百度,https://tongji.baidu.com/favicon.ico,32,25,,,,
https://cn.aliyun.com/,阿里云,云服务,https://img.alicdn.com/tfs/TB1_ZXuNcfpK1RjSZFOXXa6nFXa-32-32.ico,32,30,1,,,
https://cloud.tencent.com/,腾讯云,云服务,https://cloud.tencent.com/favicon.ico?t=201902181234,32,30,2,,,
https://cloud.baidu.com/,百度云,云服务,https://bce.bdstatic.com/img/favicon.ico,128,30,3,,,
https://www.huaweicloud.com/,华为云,云服务,https://res-static3.huaweicloud.com/content/dam/cloudbu-site/archive/commons/web_resoure/framework/favicon/favicon.ico?sttl=202012172120,16,30,4,,,
https://www.taobao.com/,淘宝网,购物网站,https://img.alicdn.com/tfs/TB1VlKFRpXXXXcNapXXXXXXXXXX-16-16.png,16,99,1,,,
https://www.tmall.com/,天猫,购物网站,https://zhengxie.info/common/image/favicon/天猫32.gif,天猫32.gif,99,2,,,
https://www.jd.com/,京东,购物网站,https://www.jd.com/favicon.ico,48,99,3,,,
https://www.suning.com/,苏宁易购,购物网站,https://www.suning.com/favicon.ico,16,99,4,,,
https://www.foxmail.com/,Foxmail,邮箱,https://www.foxmail.com/favicon.ico,32,110,1,,,
https://mail.qq.com/,QQ邮箱,邮箱,https://mail.qq.com/zh_CN/htmledition/images/favicon/qqmail_favicon_32h.png,32,110,2,,,
https://mail.google.com/,Gmail,邮箱,https://ssl.gstatic.com/ui/v1/icons/mail/rfr/gmail.ico,256,110,3,,,
https://outlook.live.com/,Outlook,邮箱,https://outlook-1.cdn.office.net/owamail/20210315003.14/resources/images/favicons/mail-seen.ico,32,110,4,,,
https://mail.sina.com.cn/,新浪邮箱,邮箱,https://mail.sina.com.cn/favicon.ico,32,110,5,,,
https://login.yahoo.com/,雅虎Yahoo,邮箱,https://s.yimg.com/wm/mbr/images/yahoo-favicon-img-v0.0.2.ico,16,110,6,,,
http://www.126.com/,126邮箱,邮箱,https://www.google.com/s2/favicons?domain=http://www.126.com/,,110,7,,,
https://mail.163.com/,163邮箱,邮箱,https://www.google.com/s2/favicons?domain=https://mail.163.com/,,110,7,,,
https://wallhaven.cc/,wallhaven,壁纸,https://wallhaven.cc/favicon.ico,16,200,1,,,
https://www.dpm.org.cn/lights/royal.html,故宫壁纸,壁纸,https://www.dpm.org.cn/favicon.ico,32,200,2,,,
https://bz.zzzmh.cn/,极简壁纸,壁纸,https://bz.zzzmh.cn/favicon.ico,32,200,2,,,
http://www.icbc.com.cn/icbc/,中国工商银行,银行,https://www.google.com/s2/favicons?domain=http://www.icbc.com.cn/icbc/,,301,,,,
http://www.cmbchina.com/,招商银行,银行,http://www.cmbchina.com/cmb.ico,48,301,,,,
http://www.abchina.com/cn/,中国农业银行,银行,http://www.abchina.com/favicon.ico,16,301,,,,
http://www.psbc.com/cn/,中国邮政储蓄银行,银行,https://www.google.com/s2/favicons?domain=http://www.psbc.com/cn/,,301,,,,
http://www.ccb.com/,中国建设银行,银行,http://www.ccb.com/favicon.ico,16,301,,,,
https://www.boc.cn/,中国银行,银行,https://www.boc.cn/favicon.ico,16,301,,,,
http://www.citicbank.com/,中信银行,银行,http://www.citicbank.com/favicon.ico,16,301,,,,
http://www.bankcomm.com/,交通银行,银行,http://www.bankcomm.com/favicon.ico,16,301,,,,
https://www.cib.com.cn/,兴业银行,银行,https://www.cib.com.cn/favicon.ico,48,301,,,,
http://www.cebbank.com/,中国光大银行,银行,http://www.cebbank.com/favicon.ico,16,301,,,,
https://www.hxb.com.cn/,华夏银行,银行,https://www.hxb.com.cn/statics/hxb.ico,16,301,,,,
https://www.spdb.com.cn/,浦发银行,银行,https://www.google.com/s2/favicons?domain=https://www.spdb.com.cn/,,301,,,,
http://www.cgbchina.com.cn/,广发银行,银行,http://www.cgbchina.com.cn/static/CN/images/favicon.ico,16,301,,,,
http://www.cmbc.com.cn/,中国民生银行,银行,http://www.cmbc.com.cn/favicon.ico,16,301,,,,
http://www.bankofbeijing.com.cn,北京银行,银行,https://www.google.com/s2/favicons?domain=http://www.bankofbeijing.com.cn,,301,,,,
http://www.hsbank.com.cn,徽商银行,银行,http://www.hsbank.com.cn/favicon.ico,32,301,,,,
http://www.tccb.com.cn,天津银行,银行,http://www.tccb.com.cn/images/site.ico,126,301,,,,
http://www.cbhb.com.cn,渤海银行,银行,https://www.google.com/s2/favicons?domain=http://www.cbhb.com.cn,,301,,,,
http://www.bankofshanghai.com,上海银行,银行,https://www.bosc.cn/favicon.ico,16,301,,,,
http://www.njcb.com.cn,南京银行,银行,http://www.njcb.com.cn/favicon.ico,32,301,,,,南京
http://www.nbcb.com.cn,宁波银行,银行,http://www.nbcb.com.cn/images/favicon.ico,16,301,,,,杭州
http://www.hccb.com.cn,杭州银行,银行,https://www.google.com/s2/favicons?domain=http://www.hccb.com.cn,,301,,,,
http://www.jsbchina.cn,江苏银行,银行,http://www.jsbchina.cn/data/tosend/resource/template/jiangsubank/images/favicon.ico,31,301,,,,
http://www.bsb.com.cn,蒙商银行,银行,http://www.bsb.com.cn/favicon.ico,16,301,,,,
http://www.wzcb.com.cn,温州银行,银行,https://www.google.com/s2/favicons?domain=http://www.wzcb.com.cn,,301,,,,温州
http://www.gzcb.com.cn,广州银行,银行,https://www.google.com/s2/favicons?domain=http://www.gzcb.com.cn,,301,,,,
http://www.cqcbank.com,重庆银行,银行,https://www.google.com/s2/favicons?domain=http://www.cqcbank.com,,301,,,,
http://www.hebbank.com/,河北银行,银行,https://www.google.com/s2/favicons?domain=http://www.hebbank.com/,,301,,,,
http://www.qdccb.com,青岛银行,银行,http://www.qdccb.com/favicon.ico,64,301,,,,青岛
http://www.hrbcb.com.cn,哈尔滨银行,银行,https://www.google.com/s2/favicons?domain=http://www.hrbcb.com.cn,,301,,,,
http://www.czbank.com,浙商银行,银行,http://www.czbank.com/cn/images/favicon.ico,48,301,,,,
http://www.bankofdl.com/,大连银行,银行,http://www.bankofdl.com/static/pc/images/favicon.ico,32,301,,,,大连
http://m.hfbank.com.cn/,恒丰银行,银行,https://www.hfbank.com.cn/images/favicon.ico,32,301,,,,
http://www.bjrcb.com,北京农商银行,银行,https://www.google.com/s2/favicons?domain=http://www.bjrcb.com,,301,,,,
http://www.srcb.com,上海农商银行,银行,https://www.google.com/s2/favicons?domain=http://www.srcb.com,,301,,,,
http://www.4001961200.com/,深圳农村商业银行,银行,http://www.4001961200.com/themes/szrcb/favicon.ico,48,301,,,,深圳
http://www.cqrcb.com,重庆农村商业银行,银行,https://www.google.com/s2/favicons?domain=http://www.cqrcb.com,,301,,,,
http://www.grcbank.com/,广州农商银行,银行,http://www.grcbank.com/styles/index/images/favicon.ico,16,301,,,,
https://www.e-chinalife.com/,中国人寿,保险,https://www.google.com/s2/favicons?domain=https://www.e-chinalife.com/,,302,,,,
https://www.pingan.com/,中国平安,保险,https://www.pingan.com/favicon.ico,16,302,,,,
http://www.cpic.com.cn/,太平洋保险,保险,https://www.cpiccdn.com/images/v2/favicon.gif,32,302,,,,
http://www.taikang.com/,泰康保险,保险,https://www.google.com/s2/favicons?domain=http://www.taikang.com/,,302,,,,
https://www.picc.com/,中国人民保险,保险,https://www.picc.com/favicon.ico,16,302,,,,
https://www.newchinalife.com/,新华保险,保险,https://www.newchinalife.com/favicon.ico,37,302,,,,
https://www.aia.com.cn/zh-cn/index.html,友邦保险,保险,https://www.aia.com.cn/favicon.ico,16,302,,,,
https://www.gtja.com/,国泰君安证券,证券公司,https://www.google.com/s2/favicons?domain=https://www.gtja.com/,,303,,,,
http://www.gf.com.cn/,广发证券,证券公司,http://www.gf.com.cn/images/favicon.ico,32,303,,,,
http://www.chinastock.com.cn/,中国银河证券,证券公司,https://www.google.com/s2/favicons?domain=http://www.chinastock.com.cn/,,303,,,,
https://www.foundersc.com/,方正证券,证券公司,https://www.foundersc.com/r/cms/www/default/img/logo1.ico,16,303,,,,
http://www.ebscn.com/main/index/index.html,光大证券,证券公司,http://www.ebscn.com/favicon.ico,16,303,,,,
https://www.htsc.com.cn/,华泰证券,证券公司,https://www.htsc.com.cn/favicon.ico,16,303,,,,
https://www.guosen.com.cn/gs/index.html,国信证券,证券公司,https://www.guosen.com.cn/favicon.ico,64,303,,,,
http://www.essence.com.cn/,安信证券,证券公司,http://static1.essence.com.cn/v6/img/logoico.ico,16,303,,,,
http://www.west95582.com/jdw/index.html,西部证券,证券公司,http://www.west95582.com/jdw/images/favicon.ico,32,303,,,,
http://www.cs.ecitic.com/newsite/,中信证券,证券公司,http://www.cs.ecitic.com/newsite/favicon.ico,16,303,,,,
http://www.ghzq.com.cn/,国海证券,证券公司,https://www.google.com/s2/favicons?domain=http://www.ghzq.com.cn/,,303,,,,
