-,一级,二级,三级,级内,简称,网址,描述title,https://www.google.com/s2/favicons?domain=,主要关键词,次要关键词,关键词,判断网址,判断图片,其他标签,图标大小,备案/未备案,经营性/非经营性
10001-200-300-900,10001,200,300,900,中国政府网,http://www.gov.cn/,中华人民共和国中央人民政府,http://www.gov.cn/govweb/xhtml/favicon.ico,政府,,,999,999,,16,,
10001-200-300-900,10001,200,300,900,国务院办公厅,,,,政府,国务院,,,,,,,
10001-201-301-901,10001,201,301,901,外交部,https://www.fmprc.gov.cn/web/, ,https://www.google.com/s2/favicons?domain=https://www.fmprc.gov.cn/web/,政府,国务院,组成部门,999,,,,,
10001-201-301-902,10001,201,301,902,国防部,http://www.mod.gov.cn/, ,http://www.mod.gov.cn/favicon.ico,政府,国务院,组成部门,999,,,256,,
10001-201-301-903,10001,201,301,903,国家发展和改革委员会,https://www.ndrc.gov.cn/, ,https://www.google.com/s2/favicons?domain=https://www.ndrc.gov.cn/,政府,国务院,组成部门,999,,,,,
10001-201-301-904,10001,201,301,904,教育部,http://www.moe.gov.cn/, ,http://www.moe.gov.cn/favorite.ico,政府,国务院,组成部门,999,,,16,,
10001-201-301-904,10001,201,301,904,(国家语言文字工作委员会),http://www.moe.gov.cn/jyb_sy/China_Language/, ,http://www.moe.gov.cn/favorite.ico,政府,国务院,组成部门,999,,,16,,
10001-201-301-905,10001,201,301,905,科学技术部,http://www.most.gov.cn/, ,http://www.most.gov.cn/favicon.ico,政府,国务院,组成部门,999,,,16,,
10001-201-301-906,10001,201,301,906,工业和信息化部,https://www.miit.gov.cn/, ,https://www.miit.gov.cn/favicon.ico,政府,国务院,组成部门,999,999,,32,,
10001-201-301-906,10001,201,301,906,(国家航天局),http://www.cnsa.gov.cn/, ,https://www.google.com/s2/favicons?domain=http://www.cnsa.gov.cn/,政府,国务院,组成部门,999,,,,,
10001-201-301-906,10001,201,301,906,(国家原子能机构),http://www.caea.gov.cn/, ,https://www.google.com/s2/favicons?domain=http://www.caea.gov.cn/,政府,国务院,组成部门,999,,,,,
10001-201-301-907,10001,201,301,907,国家民族事务委员会,http://www.neac.gov.cn/, ,http://www.neac.gov.cn/favicon.ico,政府,国务院,组成部门,999,999,,32,,
10001-201-301-908,10001,201,301,908,公安部,https://www.mps.gov.cn/, ,https://www.mps.gov.cn/favicon.ico,政府,国务院,组成部门,999,999,,16,,
10001-201-301-909,10001,201,301,909,国家安全部,, ,,政府,国务院,组成部门,,,,,,
10001-201-301-910,10001,201,301,910,民政部,http://www.mca.gov.cn/, ,http://www.mca.gov.cn/favicon.ico,政府,国务院,组成部门,999,,,16,,
10001-201-301-911,10001,201,301,911,司法部,http://www.moj.gov.cn/ , ,http://www.legaldaily.com.cn/tongyong/images/2019sfb/2019favicon.ico,政府,国务院,组成部门,999,,,16,,
10001-201-301-912,10001,201,301,912,财政部,http://www.mof.gov.cn/index.htm , ,http://www.mof.gov.cn/images/favicon.ico,政府,国务院,组成部门,999,,,16,,
10001-201-301-913,10001,201,301,913,人力资源和社会保障部,http://www.mohrss.gov.cn/, ,https://www.google.com/s2/favicons?domain=http://www.mohrss.gov.cn/,政府,国务院,组成部门,999,,,,,
10001-201-301-914,10001,201,301,914,自然资源部,http://www.mnr.gov.cn/, ,,政府,国务院,组成部门,,,,,,
10001-201-301-915,10001,201,301,915,生态环境部,http://www.mee.gov.cn/, ,http://www.mee.gov.cn/favicon.ico,政府,国务院,组成部门,999,999,,16,,
10001-201-301-915,10001,201,301,915,(国家核安全局),http://nnsa.mee.gov.cn/, ,http://nnsa.mee.gov.cn/favicon.ico,政府,国务院,组成部门,999,999,,16,,
10001-201-301-916,10001,201,301,916,住房和城乡建设部,http://www.mohurd.gov.cn/, ,https://www.google.com/s2/favicons?domain=http://www.mohurd.gov.cn/,政府,国务院,组成部门,999,,,,,
10001-201-301-917,10001,201,301,917,交通运输部,http://www.mot.gov.cn/, ,https://www.google.com/s2/favicons?domain=http://www.mot.gov.cn/,政府,国务院,组成部门,999,,,,,
10001-201-301-918,10001,201,301,918,水利部,http://www.mwr.gov.cn/, ,http://www.mwr.gov.cn/favicon.ico,政府,国务院,组成部门,999,,,16,,
10001-201-301-919,10001,201,301,919,农业农村部,http://www.moa.gov.cn/, ,http://www.moa.gov.cn/favicon.ico,政府,国务院,组成部门,999,,,16,,
10001-201-301-920,10001,201,301,920,商务部,http://www.mofcom.gov.cn/, ,http://www.mofcom.gov.cn/assets/i/favicon_bak.png,政府,国务院,组成部门,999,,,32,,
10001-201-301-921,10001,201,301,921,文化和旅游部,https://www.mct.gov.cn/, ,https://www.mct.gov.cn/favicon.ico,政府,国务院,组成部门,999,999,,32,,
10001-201-301-922,10001,201,301,922,国家卫生健康委员会,http://www.nhc.gov.cn/, ,https://www.google.com/s2/favicons?domain=http://www.nhc.gov.cn/,政府,国务院,组成部门,999,,,,,
10001-201-301-923,10001,201,301,923,退役军人事务部,https://www.mct.gov.cn/, ,http://www.mva.gov.cn/favicon.ico,政府,国务院,组成部门,999,,,16,,
10001-201-301-924,10001,201,301,924,应急管理部,http://www.mem.gov.cn/, ,http://www.mem.gov.cn/image/favicon.ico,政府,国务院,组成部门,999,999,,64,,
10001-201-301-925,10001,201,301,925,中国人民银行,http://www.pbc.gov.cn/, ,http://www.pbc.gov.cn/rmyh/uiFramework/commonResource/image/logo.ico,政府,国务院,组成部门,999,,,16,,
10001-201-301-926,10001,201,301,926,审计署,http://www.audit.gov.cn/, ,https://www.google.com/s2/favicons?domain=http://www.audit.gov.cn/,政府,国务院,组成部门,999,,,,,
10001-201-302-901,10001,201,302,901,国有资产监督管理委员会,http://www.sasac.gov.cn/,国务院国有资产监督管理委员会,http://www.sasac.gov.cn/dbsource/11869722/11869731.jpg,政府,国务院,直属特设机构,999,,,30,,
10001-201-303-901,10001,201,303,901,海关总署,http://www.customs.gov.cn/, ,https://www.google.com/s2/favicons?domain=http://www.customs.gov.cn/,政府,国务院,直属机构,999,999,,,,
10001-201-303-902,10001,201,303,902,国家税务总局,http://www.chinatax.gov.cn/, ,https://www.google.com/s2/favicons?domain=http://www.chinatax.gov.cn/,政府,国务院,直属机构,999,,,,,
10001-201-303-903,10001,201,303,903,国家市场监督管理总局,http://www.samr.gov.cn/, ,http://www.samr.gov.cn/favicon.ico,政府,国务院,直属机构,999,,,16,,
10001-201-303-903,10001,201,303,903,(国家认证认可监督管理委员会),http://www.cnca.gov.cn/, ,http://www.cnca.gov.cn/favicon.ico,政府,国务院,直属机构,999,,,16,,
10001-201-303-903,10001,201,303,903,(国家标准化管理委员会),http://www.sac.gov.cn/, ,http://www.sac.gov.cn/favicon.ico,政府,国务院,直属机构,999,,,16,,
10001-201-303-904,10001,201,303,904,国家广播电视总局,http://www.nrta.gov.cn/, ,http://www.nrta.gov.cn/favicon.ico,政府,国务院,直属机构,999,,,32,,
10001-201-303-905,10001,201,303,905,国家体育总局,http://www.sport.gov.cn/, ,https://www.google.com/s2/favicons?domain=http://www.sport.gov.cn/,政府,国务院,直属机构,999,,,,,
10001-201-303-906,10001,201,303,906,国家统计局,http://www.stats.gov.cn/, ,http://www.stats.gov.cn/favicon.ico,政府,国务院,直属机构,999,,,16,,
10001-201-303-907,10001,201,303,907,国家国际发展合作署,http://www.cidca.gov.cn/, ,http://www.cidca.gov.cn/favicon.ico,政府,国务院,直属机构,999,,,16,,
10001-201-303-908,10001,201,303,908,国家医疗保障局,http://www.nhsa.gov.cn/, ,http://www.nhsa.gov.cn/images/1/fp_pic_24.png,政府,国务院,直属机构,999,,,19,,
10001-201-303-909,10001,201,303,909,国务院参事室,http://www.counsellor.gov.cn/, ,https://www.google.com/s2/favicons?domain=http://www.counsellor.gov.cn/,政府,国务院,直属机构,999,,,,,
10001-201-303-910,10001,201,303,910,国家机关事务管理局,http://www.ggj.gov.cn/, ,https://www.google.com/s2/favicons?domain=http://www.ggj.gov.cn/,政府,国务院,直属机构,999,,,,,
10001-201-303-911,10001,201,303,911,国家版权局网,http://www.ncac.gov.cn/, ,http://www.ncac.gov.cn/chinacopyright/favicon.ico,政府,国务院,直属机构,999,,,32,,
10001-201-303-912,10001,201,303,912,国家宗教事务局,http://www.sara.gov.cn/gjzjswjhtml/index.html, ,https://www.google.com/s2/favicons?domain=http://www.sara.gov.cn/gjzjswjhtml/index.html,政府,国务院,直属机构,999,,,,,
10001-201-304-901,10001,201,304,901,国务院港澳事务办公室,https://www.hmo.gov.cn/, ,https://www.google.com/s2/favicons?domain=https://www.hmo.gov.cn/,政府,国务院,办事机构,999,,,,,
10001-201-304-902,10001,201,304,902,国务院研究室,http://www.gov.cn/guoqing/2018-06/22/content_5300522.htm, ,http://www.gov.cn/govweb/xhtml/favicon.ico,政府,国务院,办事机构,999,999,,16,,
10001-201-304-903,10001,201,304,903,国务院侨务办公室,http://www.gqb.gov.cn/, ,https://www.google.com/s2/favicons?domain=http://www.gqb.gov.cn/,政府,国务院,办事机构,999,,,,,
10001-201-304-904,10001,201,304,904,国务院台湾事务办公室,http://www.gwytb.gov.cn/, ,https://www.google.com/s2/favicons?domain=http://www.gwytb.gov.cn/,政府,国务院,办事机构,999,,,,,
10001-201-304-905,10001,201,304,905,中共中央网络安全和信息化委员会办公室,http://www.cac.gov.cn/, ,http://www.cac.gov.cn/favicon.ico,政府,国务院,办事机构,999,,,16,,
10001-201-304-906,10001,201,304,906,国务院新闻办公室,http://www.scio.gov.cn/index.htm, ,http://www.scio.gov.cn/favicon.ico,政府,国务院,办事机构,999,,,256,,
10001-201-305-901,10001,201,305,901,新华通讯社,http://203.192.6.89/xhs/, ,https://www.google.com/s2/favicons?domain=http://203.192.6.89/xhs/,政府,国务院,直属事业单位,999,,,,,
10001-201-305-902,10001,201,305,902,中国科学院,http://www.cas.ac.cn/, ,http://www.cas.cn/lib/images/favicon.ico,政府,国务院,直属事业单位,999,999,,64,,
10001-201-305-903,10001,201,305,903,中国社会科学院,http://cass.cssn.cn/, ,http://cass.cssn.cn/favicon.ico,政府,国务院,直属事业单位,999,,,16,,
10001-201-305-904,10001,201,305,904,中国工程院,http://www.cae.cn/, ,http://www.cae.cn/cae/favicon.ico,政府,国务院,直属事业单位,999,999,,32,,
10001-201-305-905,10001,201,305,905,国务院发展研究中心,https://www.drc.gov.cn/default.aspx, ,https://www.google.com/s2/favicons?domain=https://www.drc.gov.cn/default.aspx,政府,国务院,直属事业单位,999,,,,,
10001-201-305-906,10001,201,305,906,中央广播电视总台,http://www.cnr.cn/, ,http://www.cnr.cn/favicon.ico,政府,国务院,直属事业单位,999,999,,16,,
10001-201-305-907,10001,201,305,907,中国气象局,http://www.cma.gov.cn/, ,http://www.cma.gov.cn/favicon.ico,政府,国务院,直属事业单位,999,,,16,,
10001-201-305-908,10001,201,305,908,中国银行保险监督管理委员会,http://www.cbirc.gov.cn/cn/view/pages/index/index.html, ,http://www.cbirc.gov.cn/cn/static/favicon.ico,政府,国务院,直属事业单位,999,999,,128,,
10001-201-305-909,10001,201,305,909,中国证券监督管理委员会,http://www.csrc.gov.cn/pub/newsite/, ,https://www.google.com/s2/favicons?domain=http://www.csrc.gov.cn/pub/newsite/,政府,国务院,直属事业单位,999,,,,,
10001-201-306-901,10001,201,306,901,国家信访局,https://www.gjxfj.gov.cn/gjxfj/index.htm, ,https://www.gjxfj.gov.cn/favicon.ico,政府,国务院,国家局,999,999,,32,,
10001-201-306-902,10001,201,306,902,国家粮食和物资储备局,http://www.lswz.gov.cn/, ,http://www.lswz.gov.cn/html/xhtml/images/favicon.ico,政府,国务院,国家局,999,,,16,,
10001-201-306-903,10001,201,306,903,国家能源局,http://www.nea.gov.cn/, ,https://www.google.com/s2/favicons?domain=http://www.nea.gov.cn/,政府,国务院,国家局,999,,,,,
10001-201-306-904,10001,201,306,904,国家国防科技工业局,http://www.sastind.gov.cn/, ,https://www.google.com/s2/favicons?domain=http://www.sastind.gov.cn/,政府,国务院,国家局,999,,,,,
10001-201-306-905,10001,201,306,905,国家烟草专卖局,http://www.tobacco.gov.cn/gjyc/index.shtml, ,https://www.google.com/s2/favicons?domain=http://www.tobacco.gov.cn/gjyc/index.shtml,政府,国务院,国家局,999,,,,,
10001-201-306-906,10001,201,306,906,国家移民管理局,https://www.nia.gov.cn/, ,https://www.nia.gov.cn/titlepic/new-guohui.ico,政府,国务院,国家局,999,999,,1024,,
10001-201-306-907,10001,201,306,907,国家林业和草原局,http://www.forestry.gov.cn/, ,http://www.forestry.gov.cn/favicon.ico,政府,国务院,国家局,999,,,53,,
10001-201-306-907,10001,201,306,907,(国家公园管理局),http://www.forestry.gov.cn/, ,http://www.forestry.gov.cn/favicon.ico,政府,国务院,国家局,999,,,53,,
10001-201-306-908,10001,201,306,908,国家铁路局,http://www.nra.gov.cn/, ,https://www.google.com/s2/favicons?domain=http://www.nra.gov.cn/,政府,国务院,国家局,999,,,,,
10001-201-306-909,10001,201,306,909,中国民用航空局,http://www.caac.gov.cn/index.html, ,http://www.caac.gov.cn/images/favicon.png,政府,国务院,国家局,999,,,197,,
10001-201-306-910,10001,201,306,910,国家邮政局,http://www.spb.gov.cn/, ,https://www.google.com/s2/favicons?domain=http://www.spb.gov.cn/,政府,国务院,国家局,999,,,,,
10001-201-306-911,10001,201,306,911,国家文物局,http://www.ncha.gov.cn/, ,https://www.google.com/s2/favicons?domain=http://www.ncha.gov.cn/,政府,国务院,国家局,999,,,,,
10001-201-306-912,10001,201,306,912,国家中医药管理局,http://www.satcm.gov.cn/, ,http://www.satcm.gov.cn/favicon.ico,政府,国务院,国家局,999,,,256,,
10001-201-306-913,10001,201,306,913,国家矿山安全监察局,http://www.chinacoal-safety.gov.cn/, ,,政府,国务院,国家局,999,,,,,
10001-201-306-914,10001,201,306,914,国家外汇管理局,http://www.safe.gov.cn/, ,http://www.safe.gov.cn/safe/templateresource/372b1dfdab204181b9b4f943a8e926a6/images/safe.ico,政府,国务院,国家局,999,,,32,,
10001-201-306-915,10001,201,306,915,国家药品监督管理局,https://www.nmpa.gov.cn/, ,https://www.nmpa.gov.cn/wbppimages/favicon.ico,政府,国务院,国家局,999,999,,16,,
10001-201-306-916,10001,201,306,916,国家知识产权局,https://www.cnipa.gov.cn/, ,https://www.cnipa.gov.cn/favicon.ico,政府,国务院,国家局,999,999,,128,,
10001-201-306-917,10001,201,306,917,国家档案局,https://www.saac.gov.cn/, ,https://www.google.com/s2/favicons?domain=https://www.saac.gov.cn/,政府,国务院,国家局,999,,,,,
10001-201-306-918,10001,201,306,918,国家保密局,http://www.gjbmj.gov.cn/, ,https://www.google.com/s2/favicons?domain=http://www.gjbmj.gov.cn/,政府,国务院,国家局,999,,,,,
10001-201-306-919,10001,201,306,919,国家密码管理局,https://www.oscca.gov.cn/, ,https://www.google.com/s2/favicons?domain=https://www.oscca.gov.cn/,政府,国务院,国家局,999,,,,,
10001-201-307-901,10001,201,307,901,香港中联办,http://www.locpg.hk/,中央人民政府驻香港特别行政区联络办公室,http://www.locpg.hk/favicon.ico,政府,国务院,派出机构,999,,,32,,
10001-201-307-902,10001,201,307,902,澳门中联办,http://www.zlb.gov.cn/,中央人民政府驻澳门特别行政区联络办公室, ,政府,国务院,派出机构,999,,,,,
10001-201-307-903,10001,201,307,903,中央驻港国家安全公署,,中央人民政府驻香港特别行政区维护国家安全公署, ,政府,国务院,派出机构,,,,,,
10002-200-300-900,10002,200,300,900,中国政协网,http://www.cppcc.gov.cn/, ,http://www.cppcc.gov.cn/image/favicon.ico,政协,,,999,,,16,,
10002-201-300-900,10002,201,300,900,北京市政协,http://www.bjzx.gov.cn/, ,http://test1.ttde.cn/bjzx/m/image/favicon.ico,政协,北京市,,999,,,25,,
10002-202-300-900,10002,202,300,900,天津市政协,http://www.tjszx.gov.cn/, ,https://www.google.com/s2/favicons?domain=http://www.tjszx.gov.cn/,政协,天津市,,999,,,,,
10002-203-300-900,10002,203,300,900,上海市政协,http://www.shszx.gov.cn/, ,https://www.google.com/s2/favicons?domain=http://www.shszx.gov.cn/,政协,上海市,,999,,,,,
10002-204-300-900,10002,204,300,900,重庆市政协,http://www.cqzx.gov.cn/, ,https://www.google.com/s2/favicons?domain=http://www.cqzx.gov.cn/,政协,重庆市,,999,,,,,
10002-205-300-900,10002,205,300,900,广西壮族自治区政协,http://www.gxzx.gov.cn/, ,http://www.gxzx.gov.cn/favicon.ico,政协,广西壮族自治区,,999,,,241,,
10002-206-300-900,10002,206,300,900,内蒙古自治区政协,http://www.nmgzx.gov.cn/webpage/homepage/index.html, ,http://www.nmgzx.gov.cn/favicon.ico,政协,内蒙古自治区,,999,999,,268,,
10002-207-300-900,10002,207,300,900,宁夏回族自治区政协,http://www.nxzx.gov.cn/, ,https://www.google.com/s2/favicons?domain=http://www.nxzx.gov.cn/,政协,宁夏回族自治区,,999,,,,,
10002-208-300-900,10002,208,300,900,西藏自治区政协,http://www.xizangzx.gov.cn/, ,http://www.xizangzx.gov.cn/images/favicon.ico,政协,西藏自治区,,999,,,16,,
10002-209-300-900,10002,209,300,900,新疆维吾尔自治区政协,http://www.xjzx.gov.cn/, ,https://www.google.com/s2/favicons?domain=http://www.xjzx.gov.cn/,政协,新疆维吾尔自治区,,999,,,,,
10002-210-300-900,10002,210,300,900,安徽省政协,http://www.ahzx.gov.cn/, ,https://www.google.com/s2/favicons?domain=http://www.ahzx.gov.cn/,政协,安徽省,,999,,,,,
10002-211-300-900,10002,211,300,900,福建省政协,http://www.fjzx.gov.cn/, ,http://www.fjzx.gov.cn/r/cms/www/fjszxmhwz/image/favicon.ico,政协,福建省,,999,,,25,,
10002-212-300-900,10002,212,300,900,甘肃省政协,http://www.gszx.gov.cn/, ,http://www.gszx.gov.cn/favicon.ico,政协,甘肃省,,999,,,32,,
10002-213-300-900,10002,213,300,900,广东省政协,http://www.gdzxb.gov.cn/, ,http://www.gdzxb.gov.cn/favicon.ico,政协,广东省,,999,,,32,,
10002-213-301-900,10002,213,301,900,广州市政协,https://www.gzzx.gov.cn/, ,https://www.gzzx.gov.cn/images/iconcf134.ico,政协,广东省,广州市,999,999,,40,,
10002-213-302-900,10002,213,302,900,深圳市政协,http://www.szzx.gov.cn/, ,https://www.google.com/s2/favicons?domain=http://www.szzx.gov.cn/,政协,广东省,深圳市,999,,,,,
10002-213-303-900,10002,213,303,900,珠海市政协,http://www.zhzx.gov.cn/, ,https://www.google.com/s2/favicons?domain=http://www.zhzx.gov.cn/,政协,广东省,珠海市,999,,,,,
10002-213-304-900,10002,213,304,900,汕头市政协,http://stzx.shantou.gov.cn/, ,https://www.google.com/s2/favicons?domain=http://stzx.shantou.gov.cn/,政协,广东省,汕头市,999,,,,,
10002-213-304-901,10002,213,304,901,金平区政协,http://www.jpzx.gov.cn/welcome, ,http://www.jpzx.gov.cn/favicon.ico,政协,广东省,汕头市,999,999,,16,,
10002-213-305-900,10002,213,305,900,佛山市政协,http://www.fszx.gov.cn/, ,https://www.google.com/s2/favicons?domain=http://www.fszx.gov.cn/,政协,广东省,佛山市,999,,,,,
10002-213-306-900,10002,213,306,900,韶关市政协,http://www.sgzxb.gov.cn/, ,https://www.google.com/s2/favicons?domain=http://www.sgzxb.gov.cn/,政协,广东省,韶关市,999,,,,,
10002-213-307-900,10002,213,307,900,河源市政协,http://www.gdhyzx.gov.cn/hyzx/index.html, ,https://www.google.com/s2/favicons?domain=http://www.gdhyzx.gov.cn/hyzx/index.html,政协,广东省,河源市,999,,,,,
10002-213-308-900,10002,213,308,900,梅州市政协,http://www.mzzx.gov.cn/, ,https://www.google.com/s2/favicons?domain=http://www.mzzx.gov.cn/,政协,广东省,梅州市,999,,,,,
10002-213-309-900,10002,213,309,900,惠州市政协,http://zx.huizhou.gov.cn/, ,https://www.google.com/s2/favicons?domain=http://zx.huizhou.gov.cn/,政协,广东省,惠州市,999,,,,,
10002-213-310-900,10002,213,310,900,汕尾市政协,http://www.swzx.gov.cn/, ,https://www.google.com/s2/favicons?domain=http://www.swzx.gov.cn/,政协,广东省,汕尾市,999,,,,,
10002-213-311-900,10002,213,311,900,东莞市政协,http://dgzx.dg.gov.cn/, ,https://www.google.com/s2/favicons?domain=http://dgzx.dg.gov.cn/,政协,广东省,东莞市,999,,,,,
10002-213-312-900,10002,213,312,900,中山市政协,http://zszx.zsnews.cn/, ,https://www.google.com/s2/favicons?domain=http://zszx.zsnews.cn/,政协,广东省,中山市,999,,,,,
10002-213-313-900,10002,213,313,900,江门市政协,http://zx.jiangmen.cn/, ,https://www.google.com/s2/favicons?domain=http://zx.jiangmen.cn/,政协,广东省,江门市,999,,,,,
10002-213-314-900,10002,213,314,900,阳江市政协,https://www.yjszx.gov.cn/default.html, ,https://www.google.com/s2/favicons?domain=https://www.yjszx.gov.cn/default.html,政协,广东省,阳江市,999,,,,,
10002-213-315-900,10002,213,315,900,湛江市政协,http://www.gdzjzx.gov.cn/, ,https://www.google.com/s2/favicons?domain=http://www.gdzjzx.gov.cn/,政协,广东省,湛江市,999,999,,,,
10002-213-316-900,10002,213,316,900,茂名市政协,http://zx.maoming.gov.cn/website/main/jsp/index.jsp, ,https://www.google.com/s2/favicons?domain=http://zx.maoming.gov.cn/website/main/jsp/index.jsp,政协,广东省,茂名市,999,,,,,
10002-213-317-900,10002,213,317,900,肇庆市政协,http://zqzx.gov.cn/index.html, ,https://www.google.com/s2/favicons?domain=http://zqzx.gov.cn/index.html,政协,广东省,肇庆市,999,,,,,
10002-213-318-900,10002,213,318,900,潮州市政协,http://czzx.gov.cn/, ,https://www.google.com/s2/favicons?domain=http://czzx.gov.cn/,政协,广东省,潮州市,999,,,,,
10002-213-319-900,10002,213,319,900,揭阳市政协,http://www.jieyangzhengxie.gov.cn/, ,https://www.google.com/s2/favicons?domain=http://www.jieyangzhengxie.gov.cn/,政协,广东省,揭阳市,999,,,,,
10002-213-320-900,10002,213,320,900,云浮市政协,http://zx.yunfu.gov.cn/, ,https://www.google.com/s2/favicons?domain=http://zx.yunfu.gov.cn/,政协,广东省,云浮市,999,,,,,
10002-214-300-900,10002,214,300,900,贵州省政协,https://www.gzszx.gov.cn/, ,https://www.google.com/s2/favicons?domain=https://www.gzszx.gov.cn/,政协,贵州省,,999,,,,,
10002-215-300-900,10002,215,300,900,海南省政协,http://www.hainanzx.gov.cn/default.html, ,https://www.google.com/s2/favicons?domain=http://www.hainanzx.gov.cn/default.html,政协,海南省,,999,,,,,
10002-216-300-900,10002,216,300,900,河北省政协,http://www.hebzx.gov.cn/, ,https://www.google.com/s2/favicons?domain=http://www.hebzx.gov.cn/,政协,河北省,,999,,,,,
10002-217-300-900,10002,217,300,900,河南省政协,http://www.hnzx.gov.cn/, ,https://www.google.com/s2/favicons?domain=http://www.hnzx.gov.cn/,政协,河南省,,999,999,,,,
10002-218-300-900,10002,218,300,900,黑龙江省政协,http://www.hljzx.gov.cn/, ,https://www.google.com/s2/favicons?domain=http://www.hljzx.gov.cn/,政协,黑龙江省,,999,,,,,
10002-218-301-900,10002,218,301,900,哈尔滨市政协,https://www.hrbzx.gov.cn/, ,https://www.google.com/s2/favicons?domain=https://www.hrbzx.gov.cn/,政协,黑龙江省,哈尔滨市,999,,,,,
10002-219-300-900,10002,219,300,900,湖北省政协,https://www.hbzx.gov.cn/, ,https://www.hbzx.gov.cn/favicon.ico,政协,湖北省,,999,999,,32,,
10002-219-301-900,10002,219,301,900,武汉市政协,http://www.whzx.org.cn/, ,https://www.google.com/s2/favicons?domain=http://www.whzx.org.cn/,政协,湖北省,武汉市,999,,,,,
10002-220-300-900,10002,220,300,900,湖南省政协,https://www.hunanzx.gov.cn/, ,https://www.google.com/s2/favicons?domain=https://www.hunanzx.gov.cn/,政协,湖南省,,999,,,,,
10002-221-300-900,10002,221,300,900,吉林省政协,http://www.jlzx.gov.cn/index.jhtml, ,https://www.google.com/s2/favicons?domain=http://www.jlzx.gov.cn/index.jhtml,政协,吉林省,,999,,,,,
10002-222-300-900,10002,222,300,900,江苏省政协,http://www.jszx.gov.cn/, ,https://www.google.com/s2/favicons?domain=http://www.jszx.gov.cn/,政协,江苏省,,999,,,,,
10002-223-300-900,10002,223,300,900,江西省政协,https://jxzx.jxnews.com.cn/, ,https://www.google.com/s2/favicons?domain=https://jxzx.jxnews.com.cn/,政协,江西省,,999,,,,,
10002-224-300-900,10002,224,300,900,辽宁省政协,http://www.lnzx.gov.cn/, ,https://www.google.com/s2/favicons?domain=http://www.lnzx.gov.cn/,政协,辽宁省,,999,,,,,
10002-225-300-900,10002,225,300,900,青海省政协,http://www.qhszx.gov.cn/, ,https://www.google.com/s2/favicons?domain=http://www.qhszx.gov.cn/,政协,青海省,,999,,,,,
10002-226-300-900,10002,226,300,900,山东省政协,http://www.sdzx.gov.cn/, ,https://www.google.com/s2/favicons?domain=http://www.sdzx.gov.cn/,政协,山东省,,999,,,,,
10002-227-300-900,10002,227,300,900,山西省政协,http://www.shanxizx.gov.cn/, ,https://www.google.com/s2/favicons?domain=http://www.shanxizx.gov.cn/,政协,山西省,,999,,,,,
10002-228-300-900,10002,228,300,900,陕西省政协,http://www.sxzx.gov.cn/, ,http://www.sxzx.gov.cn/favicon.ico,政协,陕西省,,999,,,32,,
10002-229-300-900,10002,229,300,900,四川省政协,http://www.sczx.gov.cn/, ,https://www.google.com/s2/favicons?domain=http://www.sczx.gov.cn/,政协,四川省,,999,,,,,
10002-230-300-900,10002,230,300,900,云南省政协,http://www.ynzx.gov.cn/, ,https://www.google.com/s2/favicons?domain=http://www.ynzx.gov.cn/,政协,云南省,,999,,,,,
10002-231-300-900,10002,231,300,900,浙江省政协,http://www.zjzx.gov.cn/, ,http://www.zjzx.gov.cn/favicon.ico,政协,浙江省,,999,,,32,,
10003-200-300-900,10003,200,300,900,光明网,http://www.gmw.cn/, ,http://www.gmw.cn/favicon.ico,媒体,,,999,999,,64,,
10003-201-300-900,10003,201,300,900,中国日报网,http://www.chinadaily.com.cn/, ,http://www.chinadaily.com.cn/favicon.ico,媒体,中央媒体,,999,999,,32,,
10003-201-300-901,10003,201,300,901,新华网,http://www.xinhuanet.com/, ,http://www.xinhuanet.com/favicon.ico,媒体,中央媒体,,999,,,16,备案,经营
10003-201-300-902,10003,201,300,902,人民网,http://www.people.com.cn/, ,http://www.people.com.cn/favicon.ico,媒体,中央媒体,,999,,,16,备案,经营
10003-201-300-903,10003,201,300,903,中国网,http://www.china.com.cn/index.shtml, ,http://www.china.com.cn/favicon.ico,媒体,中央媒体,,999,,,32,备案,经营
10003-201-300-904,10003,201,300,904,央视网,https://www.cctv.com/, ,https://www.cctv.com/favicon.ico,媒体,中央媒体,,999,999,,16,备案,经营
10003-201-300-905,10003,201,300,905,央广网,http://www.cnr.cn/, ,http://www.cnr.cn/favicon.ico,媒体,中央媒体,,999,999,,16,备案,经营
10003-201-300-906,10003,201,300,906,中国日报网,http://www.chinadaily.com.cn/, ,http://www.chinadaily.com.cn/favicon.ico,媒体,中央媒体,,999,999,,32,备案,经营
10003-201-300-907,10003,201,300,907,光明网,http://www.gmw.cn/, ,http://www.gmw.cn/favicon.ico,媒体,中央媒体,,999,999,,64,备案,经营
10003-201-300-908,10003,201,300,908,中国经济网,http://www.ce.cn/, ,http://www.ce.cn/favicon.ico,媒体,中央媒体,,999,,,16,备案,经营
10003-201-300-909,10003,201,300,909,中国新闻网,http://www.chinanews.com/, ,https://www.google.com/s2/favicons?domain=http://www.chinanews.com/,媒体,中央媒体,,999,,,,备案,经营
10003-201-300-910,10003,201,300,910,国际在线,http://www.cri.cn/, ,http://www.cri.cn/favicon.ico,媒体,中央媒体,,999,,,16,备案,经营
10003-201-300-911,10003,201,300,911,中国法院网,https://www.chinacourt.org/index.shtml, ,https://www.chinacourt.org/share/images/favicon.ico,媒体,中央媒体,,999,999,,16,备案,经营
10003-201-300-912,10003,201,300,912,正义网,http://www.jcrb.com/, ,http://www.jcrb.com/favicon.ico,媒体,中央媒体,,999,,,32,备案,经营
10003-201-300-913,10003,201,300,913,中工网,http://www.workercn.cn/, ,http://www.workercn.cn/favicon.ico,媒体,中央媒体,,999,,,32,备案,经营
10003-201-300-914,10003,201,300,914,中青在线,http://www.cyol.com/, ,http://www.cyol.com/themes/cyol/assets/images/cyol/cyol_logo.png,媒体,中央媒体,,999,,,72,备案,经营
10003-201-300-915,10003,201,300,915,求是网,http://www.qstheory.cn/, ,http://www.qstheory.cn/favicon.ico,媒体,中央媒体,,999,,,16,备案,经营
20001-200-300-901,20001,200,300,901,百度搜索,http://www.baidu.com/, ,https://www.baidu.com/favicon.ico,搜索引擎,,,999,999,,64,备案,经营
20001-200-300-902,20001,200,300,902,Google搜索,https://www.google.com/, ,https://www.google.com/favicon.ico,搜索引擎,,,999,999,,32,,
20001-200-300-903,20001,200,300,903,搜狗搜索,https://www.sogou.com/, ,https://www.sogou.com/images/logo/new/favicon.ico?v=4,搜索引擎,,,999,999,,32,备案,经营
20001-201-300-900,20001,201,300,900,GIPHY,https://giphy.com/, ,https://giphy.com/static/img/favicon.png,搜索引擎,图片,,999,999,,16,,
20001-202-300-900,20001,202,300,900,鸠摩搜索,https://www.jiumodiary.com/, ,https://www.jiumodiary.com/images/favicon.png,搜索引擎,文档,,999,999,,20,,
20001-203-300-900,20001,203,300,900,6miu搜索,http://baiduyun.6miu.com/, ,http://baiduyun.6miu.com/favicon.ico,搜索引擎,百度云盘,,999,999,,32,,
20001-204-300-900,20001,204,300,900,Google 图书,https://books.google.com/,大名鼎鼎的谷歌图书，本想雄心壮志，将古今中文图书一网打尽，一统电子书江湖， 后因版权问题，搁浅。目前，除书目检索外，一些非版权电子书可全文下载，部分有版权的电子书可在线试读。,https://books.google.com/favicon.ico,搜索引擎,图书,,999,999,,,,
20005-200-300-901,20005,200,300,901,正协信息客栈,https://zhengxie.info/, ,https://zhengxie.info/common/image/favicon.ico,网址导航,,,999,999,,256,,
20005-200-300-902,20005,200,300,902,hao123,https://www.hao123.com/, ,https://www.hao123.com/favicon.ico,网址导航,,,999,999,,32,备案,经营
20005-200-300-903,20005,200,300,903,谷歌265,http://www.265.com/, ,http://www.265.com/static/pages/img/favicon.ico,网址导航,,,999,,,16,备案,经营
20005-200-300-904,20005,200,300,904,QQ导航,https://hao.qq.com/, ,https://upd33.sogoucdn.com/nstatic/img/favicon.ico?v=3,网址导航,,,999,999,,16,备案,经营
20005-200-300-905,20005,200,300,905,搜狗网址导航,https://123.sogou.com/, ,https://upd12.sogoucdn.com/nstatic/img/favicon.ico?v=3,网址导航,,,999,999,,16,备案,经营
20005-200-300-906,20005,200,300,906,360导航,https://hao.360.com/, ,https://hao.360.com/favicon.ico,网址导航,,,999,999,,16,备案,经营
20005-200-300-907,20005,200,300,907,设计导航,http://hao.shejidaren.com/, ,,网址导航,,,999,,,,备案,
20006-200-300-908,20006,200,300,908,天猫,https://www.tmall.com/, ,https://zhengxie.info/common/image/favicon/天猫32.gif,网购平台,,,999,999,,天猫32.gif,,
20006-200-300-909,20006,200,300,909,淘宝网,https://www.taobao.com/, ,https://img.alicdn.com/tfs/TB1VlKFRpXXXXcNapXXXXXXXXXX-16-16.png,网购平台,,,999,999,,16,备案,经营
20006-200-300-910,20006,200,300,910,京东,https://www.jd.com/, ,https://www.jd.com/favicon.ico,网购平台,,,999,999,,48,备案,经营
20006-200-300-911,20006,200,300,911,苏宁易购,https://www.suning.com/, ,https://www.suning.com/favicon.ico,网购平台,,,999,999,,16,备案,经营
20006-200-300-912,20006,200,300,912,拼多多,https://m.pinduoduo.com/, ,https://m.pinduoduo.com/favicon.ico,网购平台,,,999,999,,48,备案,经营
20006-200-300-912,20006,200,300,912,1号会员店,https://www.yhd.com/,,https://www.yhd.com/yhdmember/favicon.ico,网购平台,,,999,999,,16,备案,经营
20006-200-300-912,20006,200,300,912,1688,https://www.1688.com/,,https://cbu01.alicdn.com/favicon.ico?_=2020,网购平台,,,999,999,,16,备案,经营
20006-200-300-912,20006,200,300,912,Alibaba,https://www.alibaba.com/,,https://is.alicdn.com/simg/single/icon/favicon.ico,网购平台,,,999,999,,16,备案,经营
20006-200-300-912,20006,200,300,912,维品会,https://www.vip.com/,,https://www.vip.com/favicon.ico,网购平台,,,999,999,,16,备案,经营
20006-200-300-912,20006,200,300,912,当当网,http://www.dangdang.com/,,http://www.dangdang.com/favicon.ico,网购平台,,,999,999,,16,备案,经营
20006-200-300-912,20006,200,300,912,亚马逊中国,https://www.amazon.cn/,,https://www.amazon.cn/favicon.ico,网购平台,,,999,999,,48,备案,经营
20007-200-300-900,20007,200,300,900,招商银行,http://www.cmbchina.com/, ,http://www.cmbchina.com/cmb.ico,银行机构,,,999,999,,,,
20007-201-300-901,20007,201,300,901,中国人民银行,http://www.pbc.gov.cn/, ,http://www.pbc.gov.cn/rmyh/uiFramework/commonResource/image/logo.ico,银行机构,央行,,999,,,16,备案,
20007-202-300-901,20007,202,300,901,中国进出口银行,http://www.eximbank.gov.cn/, ,http://www.eximbank.gov.cn/favicon.ico,银行机构,政策,,999,,,64,备案,
20007-202-300-902,20007,202,300,902,中国农业发展银行,http://www.adbc.com.cn/, ,,银行机构,政策,,999,,,,备案,
20007-202-300-903,20007,202,300,903,国家开发银行,http://www.cdb.com.cn/, ,,银行机构,政策,,999,,,,备案,
20007-203-300-901,20007,203,300,901,中国银行,https://www.boc.cn/, ,https://www.boc.cn/favicon.ico,银行机构,国有,,999,999,,16,备案,
20007-203-300-902,20007,203,300,902,中国工商银行,http://www.icbc.com.cn/icbc/, ,https://www.google.com/s2/favicons?domain=http://www.icbc.com.cn/icbc/,银行机构,国有,,999,,,,备案,
20007-203-300-903,20007,203,300,903,中国农业银行,http://www.abchina.com/cn/, ,http://www.abchina.com/favicon.ico,银行机构,国有,,999,,,16,备案,
20007-203-300-904,20007,203,300,904,中国建设银行,http://www.ccb.com/, ,http://www.ccb.com/favicon.ico,银行机构,国有,,999,,,16,备案,
20007-203-300-905,20007,203,300,905,交通银行,http://www.bankcomm.com/, ,http://www.bankcomm.com/favicon.ico,银行机构,国有,,999,999,,16,备案,
20007-204-300-901,20007,204,300,901,中国邮政储蓄银行,http://www.psbc.com/cn/, ,https://www.google.com/s2/favicons?domain=http://www.psbc.com/cn/,银行机构,邮储,,999,,,,备案,
20007-205-300-901,20007,205,300,901,招商银行,http://www.cmbchina.com/, ,http://www.cmbchina.com/cmb.ico,银行机构,其他,,999,999,,48,备案,
20007-205-300-902,20007,205,300,902,中信银行,http://www.citicbank.com/, ,http://www.citicbank.com/favicon.ico,银行机构,其他,,999,999,,16,备案,
20007-205-300-903,20007,205,300,903,中国光大银行,http://www.cebbank.com/, ,http://www.cebbank.com/favicon.ico,银行机构,其他,,999,999,,16,备案,
20007-205-300-904,20007,205,300,904,华夏银行,https://www.hxb.com.cn/, ,https://www.hxb.com.cn/statics/hxb.ico,银行机构,其他,,999,999,,16,备案,
20007-205-300-905,20007,205,300,905,兴业银行,https://www.cib.com.cn/, ,https://www.cib.com.cn/favicon.ico,银行机构,其他,,999,999,,48,备案,
20007-205-300-906,20007,205,300,906,广发银行,http://www.cgbchina.com.cn/, ,http://www.cgbchina.com.cn/static/CN/images/favicon.ico,银行机构,其他,,999,,,16,备案,
20007-205-300-907,20007,205,300,907,中国民生银行,http://www.cmbc.com.cn/, ,http://www.cmbc.com.cn/favicon.ico,银行机构,其他,,999,999,,16,备案,
20007-205-300-908,20007,205,300,908,浦发银行,https://www.spdb.com.cn/, ,https://www.google.com/s2/favicons?domain=https://www.spdb.com.cn/,银行机构,其他,,999,,,,备案,
20007-205-300-909,20007,205,300,909,渤海银行,http://www.cbhb.com.cn, ,https://www.google.com/s2/favicons?domain=http://www.cbhb.com.cn,银行机构,其他,,999,,,,备案,
20007-205-300-910,20007,205,300,910,浙商银行,http://www.czbank.com, ,http://www.czbank.com/cn/images/favicon.ico,银行机构,其他,,999,,,48,备案,
20007-205-300-911,20007,205,300,911,北京银行,http://www.bankofbeijing.com.cn, ,https://www.google.com/s2/favicons?domain=http://www.bankofbeijing.com.cn,银行机构,其他,,999,,,,备案,
20007-205-300-912,20007,205,300,912,徽商银行,http://www.hsbank.com.cn, ,http://www.hsbank.com.cn/favicon.ico,银行机构,其他,,999,,,32,备案,
20007-205-300-913,20007,205,300,913,天津银行,http://www.tccb.com.cn, ,http://www.tccb.com.cn/images/site.ico,银行机构,其他,,999,,,126,备案,
20007-205-300-914,20007,205,300,914,上海银行,http://www.bankofshanghai.com, ,https://www.bosc.cn/favicon.ico,银行机构,其他,,999,999,,16,备案,
20007-205-300-915,20007,205,300,915,南京银行,http://www.njcb.com.cn, ,http://www.njcb.com.cn/favicon.ico,银行机构,其他,,999,,,32,备案,
20007-205-300-916,20007,205,300,916,宁波银行,http://www.nbcb.com.cn, ,http://www.nbcb.com.cn/images/favicon.ico,银行机构,其他,,999,999,,16,备案,
20007-205-300-917,20007,205,300,917,杭州银行,http://www.hccb.com.cn, ,https://www.google.com/s2/favicons?domain=http://www.hccb.com.cn,银行机构,其他,,999,,,,备案,
20007-205-300-918,20007,205,300,918,江苏银行,http://www.jsbchina.cn, ,http://www.jsbchina.cn/data/tosend/resource/template/jiangsubank/images/favicon.ico,银行机构,其他,,999,,,31,备案,
20007-205-300-919,20007,205,300,919,蒙商银行,http://www.bsb.com.cn, ,http://www.bsb.com.cn/favicon.ico,银行机构,其他,,999,,,16,备案,
20007-205-300-920,20007,205,300,920,温州银行,http://www.wzcb.com.cn, ,https://www.google.com/s2/favicons?domain=http://www.wzcb.com.cn,银行机构,其他,,999,,,,备案,
20007-205-300-921,20007,205,300,921,广州银行,http://www.gzcb.com.cn, ,https://www.google.com/s2/favicons?domain=http://www.gzcb.com.cn,银行机构,其他,,999,999,,,备案,
20007-205-300-922,20007,205,300,922,重庆银行,http://www.cqcbank.com, ,https://www.google.com/s2/favicons?domain=http://www.cqcbank.com,银行机构,其他,,999,,,,备案,
20007-205-300-923,20007,205,300,923,河北银行,http://www.hebbank.com/, ,https://www.google.com/s2/favicons?domain=http://www.hebbank.com/,银行机构,其他,,999,,,,备案,
20007-205-300-924,20007,205,300,924,青岛银行,http://www.qdccb.com, ,http://www.qdccb.com/favicon.ico,银行机构,其他,,999,,,64,备案,
20007-205-300-925,20007,205,300,925,哈尔滨银行,http://www.hrbcb.com.cn, ,https://www.google.com/s2/favicons?domain=http://www.hrbcb.com.cn,银行机构,其他,,999,,,,备案,
20007-205-300-926,20007,205,300,926,大连银行,http://www.bankofdl.com/, ,http://www.bankofdl.com/static/pc/images/favicon.ico,银行机构,其他,,999,,,32,备案,
20007-205-300-927,20007,205,300,927,恒丰银行,http://m.hfbank.com.cn/, ,https://www.hfbank.com.cn/images/favicon.ico,银行机构,其他,,999,999,,32,备案,
20007-205-300-928,20007,205,300,928,北京农商银行,http://www.bjrcb.com, ,https://www.google.com/s2/favicons?domain=http://www.bjrcb.com,银行机构,其他,,999,,,,备案,
20007-205-300-929,20007,205,300,929,上海农商银行,http://www.srcb.com, ,https://www.google.com/s2/favicons?domain=http://www.srcb.com,银行机构,其他,,999,,,,备案,
20007-205-300-930,20007,205,300,930,深圳农村商业银行,http://www.4001961200.com/, ,http://www.4001961200.com/themes/szrcb/favicon.ico,银行机构,其他,,999,,,48,备案,
20007-205-300-931,20007,205,300,931,重庆农村商业银行,http://www.cqrcb.com, ,https://www.google.com/s2/favicons?domain=http://www.cqrcb.com,银行机构,其他,,999,,,,备案,
20007-205-300-932,20007,205,300,932,广州农商银行,http://www.grcbank.com/, ,http://www.grcbank.com/styles/index/images/favicon.ico,银行机构,其他,,999,,,16,备案,
20008-200-300-901,20008,200,300,901,太平洋保险,http://www.cpic.com.cn/, ,https://www.cpiccdn.com/images/v2/favicon.gif,保险机构,,,999,999,,32,备案,
20008-200-300-902,20008,200,300,902,中国人寿,https://www.e-chinalife.com/, ,https://www.google.com/s2/favicons?domain=https://www.e-chinalife.com/,保险机构,,,999,,,,备案,
20008-200-300-903,20008,200,300,903,中国平安,https://www.pingan.com/, ,https://www.pingan.com/favicon.ico,保险机构,,,999,999,,16,备案,
20008-200-300-904,20008,200,300,904,泰康保险,http://www.taikang.com/, ,https://www.google.com/s2/favicons?domain=http://www.taikang.com/,保险机构,,,999,999,,,备案,
20008-200-300-905,20008,200,300,905,中国人民保险,https://www.picc.com/, ,https://www.picc.com/favicon.ico,保险机构,,,999,999,,16,备案,
20008-200-300-906,20008,200,300,906,新华保险,https://www.newchinalife.com/, ,https://www.newchinalife.com/favicon.ico,保险机构,,,999,999,,37,备案,
20008-200-300-907,20008,200,300,907,友邦保险,https://www.aia.com.cn/zh-cn/index.html, ,https://www.aia.com.cn/favicon.ico,保险机构,,,999,999,,16,备案,
20009-200-300-901,20009,200,300,901,国信证券,https://www.guosen.com.cn/gs/index.html, ,https://www.guosen.com.cn/favicon.ico,证券机构,,,999,999,,64,备案,
20009-200-300-902,20009,200,300,902,国泰君安证券,https://www.gtja.com/, ,https://www.google.com/s2/favicons?domain=https://www.gtja.com/,证券机构,,,999,,,,备案,
20009-200-300-903,20009,200,300,903,广发证券,http://www.gf.com.cn/, ,http://www.gf.com.cn/images/favicon.ico,证券机构,,,999,,,32,备案,
20009-200-300-904,20009,200,300,904,中国银河证券,http://www.chinastock.com.cn/, ,https://www.google.com/s2/favicons?domain=http://www.chinastock.com.cn/,证券机构,,,999,999,,,备案,
20009-200-300-905,20009,200,300,905,方正证券,https://www.foundersc.com/, ,https://www.foundersc.com/r/cms/www/default/img/logo1.ico,证券机构,,,999,999,,16,备案,
20009-200-300-906,20009,200,300,906,光大证券,http://www.ebscn.com/main/index/index.html, ,http://www.ebscn.com/favicon.ico,证券机构,,,999,,,16,备案,
20009-200-300-907,20009,200,300,907,华泰证券,https://www.htsc.com.cn/, ,https://www.htsc.com.cn/favicon.ico,证券机构,,,999,999,,16,备案,
20009-200-300-908,20009,200,300,908,安信证券,http://www.essence.com.cn/, ,http://static1.essence.com.cn/v6/img/logoico.ico,证券机构,,,999,999,,16,备案,
20009-200-300-909,20009,200,300,909,西部证券,http://www.west95582.com/jdw/index.html, ,http://www.west95582.com/jdw/images/favicon.ico,证券机构,,,999,999,,32,备案,
20009-200-300-910,20009,200,300,910,中信证券,http://www.cs.ecitic.com/newsite/, ,http://www.cs.ecitic.com/newsite/favicon.ico,证券机构,,,999,,,16,备案,
20009-200-300-911,20009,200,300,911,国海证券,http://www.ghzq.com.cn/, ,https://www.google.com/s2/favicons?domain=http://www.ghzq.com.cn/,证券机构,,,999,999,,,备案,
20010-200-300-901,20010,200,300,901,QQ邮箱,https://mail.qq.com/, ,https://mail.qq.com/zh_CN/htmledition/images/favicon/qqmail_favicon_32h.png,邮箱,,,999,999,,32,备案,
20010-200-300-902,20010,200,300,902,Foxmail,https://www.foxmail.com/, ,https://www.foxmail.com/favicon.ico,邮箱,,,999,999,,32,备案,
20010-200-300-903,20010,200,300,903,Gmail,https://mail.google.com/, ,https://ssl.gstatic.com/ui/v1/icons/mail/rfr/gmail.ico,邮箱,,,999,999,,256,,
20010-200-300-904,20010,200,300,904,Outlook,https://outlook.live.com/, ,https://outlook-1.cdn.office.net/owamail/20210315003.14/resources/images/favicons/mail-seen.ico,邮箱,,,999,999,,32,备案,
20010-200-300-905,20010,200,300,905,新浪邮箱,https://mail.sina.com.cn/, ,https://mail.sina.com.cn/favicon.ico,邮箱,,,999,999,,32,,
20010-200-300-906,20010,200,300,906,雅虎Yahoo,https://login.yahoo.com/, ,https://s.yimg.com/wm/mbr/images/yahoo-favicon-img-v0.0.2.ico,邮箱,,,999,999,,16,备案,
20010-200-300-907,20010,200,300,907,网易yeah.net,https://www.yeah.net/, ,,邮箱,,,999,,,,备案,
20010-200-300-908,20010,200,300,908,网易126邮箱,http://www.126.com/, ,https://www.google.com/s2/favicons?domain=http://www.126.com/,邮箱,,,999,,,,备案,
20010-200-300-909,20010,200,300,909,网易163邮箱,https://mail.163.com/, ,https://www.google.com/s2/favicons?domain=https://mail.163.com/,邮箱,,,999,,,,备案,
20011-201-300-901,20011,201,300,901,故宫壁纸,https://www.dpm.org.cn/lights/royal.html, ,https://www.dpm.org.cn/favicon.ico,图片,,,999,999,,32,备案,
20011-201-300-902,20011,201,300,902,极简壁纸,https://bz.zzzmh.cn/, ,https://bz.zzzmh.cn/favicon.ico,图片,壁纸,,999,999,,32,备案,
20011-201-300-903,20011,201,300,903,云淡风轻,https://bing.ioliu.cn/,必应每日高清壁纸，图片来自必应搜索。,https://bing.ioliu.cn/static/images/bing.ico,图片,壁纸,,999,999,,32,,
20011-201-300-904,20011,201,300,904,wallhaven,https://wallhaven.cc/, ,https://wallhaven.cc/favicon.ico,图片,壁纸,,999,999,,16,备案,
20011-201-300-905,20011,201,300,905,NET牛人,https://ss.netnr.com/wallpaper, ,https://ss.netnr.com/favicon.ico,图片,壁纸,,999,999,,64,备案,
20011-201-300-906,20011,201,300,906,图片瀑布,https://joer.ru/, ,https://joer.ru/favicon.ico,图片,壁纸,,999,999,,16,备案,
20011-202-300-901,20011,202,300,901,Pexels,https://www.pexels.com/zh-cn/,免费素材图片,https://www.pexels.com/favicon.ico,图片,素材,,999,999,,64,,
20011-203-300-901,20011,203,300,901,狗图网,https://www.gooico.com/, ,https://www.gooico.com/favicon.ico,图片,图标,,999,999,,32,备案,
20011-204-300-901,20011,204,300,901,小歪API,https://api.ixiaowai.cn/, ,,图片,API,,999,,,,备案,
20012-200-300-901,20012,200,300,901,阿里云,https://cn.aliyun.com/, ,https://img.alicdn.com/tfs/TB1_ZXuNcfpK1RjSZFOXXa6nFXa-32-32.ico,云服务,,,999,999,,32,备案,经营
20012-200-300-902,20012,200,300,902,腾讯云,https://cloud.tencent.com/, ,https://cloud.tencent.com/favicon.ico?t=201902181234,云服务,,,999,999,,32,备案,经营
20012-200-300-903,20012,200,300,903,百度云,https://cloud.baidu.com/, ,https://bce.bdstatic.com/img/favicon.ico,云服务,,,999,999,,128,备案,经营
20012-200-300-904,20012,200,300,904,华为云,https://www.huaweicloud.com/, ,https://res-static3.huaweicloud.com/content/dam/cloudbu-site/archive/commons/web_resoure/framework/favicon/favicon.ico?sttl=202012172120,云服务,,,999,999,,16,备案,经营
20012-200-300-905,20012,200,300,905,AWS,https://aws.amazon.com/cn/, ,https://a0.awsstatic.com/libra-css/images/site/fav/favicon.ico,云服务,,,999,999,,16,,
20012-200-300-906,20012,200,300,906,Google Cloud,https://cloud.google.com/, ,https://www.gstatic.com/devrel-devsite/prod/v3069b08f6c9d146fa6a9c7f184b2836998ab5f12cefec1342a7bf6dca024aa94/cloud/images/favicons/onecloud/favicon.ico,云服务,,,999,999,,32,,
20013-200-300-901,20013,200,300,901,Google AdSense,https://www.google.com/adsense/, ,https://ssl.gstatic.com/adsense/apps/static/bidi/adsense3_antipasti_server_20210317-12_RC00/common/resources/favicon.ico,Google,,,999,999,,32,,
20013-200-300-902,20013,200,300,902,翻译,https://translate.google.cn/, ,https://ssl.gstatic.com/translate/favicon.ico,Google,,,999,999,,64,,
20013-200-300-903,20013,200,300,903,Google Cloud,https://cloud.google.com/, ,https://www.gstatic.com/devrel-devsite/prod/v3069b08f6c9d146fa6a9c7f184b2836998ab5f12cefec1342a7bf6dca024aa94/cloud/images/favicons/onecloud/favicon.ico,Google,,,999,999,,32,,
20013-200-300-904,20013,200,300,904,Google搜索,https://www.google.com/, ,https://www.google.com/favicon.ico,Google,,,999,999,,32,,
20013-200-300-905,20013,200,300,905,云端硬盘,https://drive.google.com/, ,https://ssl.gstatic.com/images/branding/product/1x/drive_2020q4_32dp.png,Google,,,999,999,,32,,
20013-200-300-906,20013,200,300,906,Gmail,https://mail.google.com/, ,https://ssl.gstatic.com/ui/v1/icons/mail/rfr/gmail.ico,Google,,,999,999,,256,,
20014-200-300-901,20014,200,300,901,百度统计,https://tongji.baidu.com/, ,https://tongji.baidu.com/favicon.ico,百度,,,999,999,,32,,
20014-200-300-902,20014,200,300,902,百度贴吧,https://tieba.baidu.com/, ,https://tb1.bdstatic.com/tb/favicon.ico,百度,,,999,999,,64,,
20014-200-300-903,20014,200,300,903,百度搜索,http://www.baidu.com/, ,https://www.baidu.com/favicon.ico,百度,,,999,999,,64,,
20014-200-300-904,20014,200,300,904,百度指数,http://index.baidu.com/, ,https://www.baidu.com/favicon.ico,百度,,,999,999,,64,,
20014-200-300-905,20014,200,300,905,百度网盘,https://pan.baidu.com/, ,https://pan.baidu.com/m-static/base/static/images/favicon.ico,百度,,,999,999,,32,,
20014-200-300-906,20014,200,300,906,百度贴吧,https://tieba.baidu.com/, ,https://tb1.bdstatic.com/tb/favicon.ico,百度,,,999,999,,64,,
20014-200-300-907,20014,200,300,907,百度图片,https://image.baidu.com/,,https://www.baidu.com/cache/icon/favicon.ico,百度,,,999,999,,64,,
20014-200-300-908,20014,200,300,908,百度地图,https://map.baidu.com/,,https://map.baidu.com/favicon.ico,百度,,,999,999,,64,,
20015-200-300-901,20015,200,300,901,斗鱼,https://www.douyu.com/, ,https://www.douyu.com/favicon.ico,直播,,,999,999,,48,,
20015-200-300-902,20015,200,300,902,YY,https://www.yy.com/, ,https://www.yy.com/favicon.ico,直播,,,999,999,,16,,
20015-200-300-903,20015,200,300,903,六间房,https://www.6.cn/, ,https://vr0.xiu123.cn/imges/favicon.ico,直播,,,999,999,,32,,
20015-200-300-904,20015,200,300,904,NOW直播,https://now.qq.com/, ,https://now.qq.com/favicon.ico,直播,,,999,999,,16,,
20015-200-300-905,20015,200,300,905,搜狗直播,http://show.sogou.com/, ,,直播,,,999,,,,,
20015-200-300-906,20015,200,300,906,战旗TV,https://www.zhanqi.tv/, ,,直播,,,999,,,,,
20015-200-300-907,20015,200,300,907,龙珠直播,http://longzhu.com/, ,,直播,,,999,,,,,
20015-200-300-908,20015,200,300,908,火猫直播,http://www.huomao.com/, ,http://www.huomao.com/favicon.ico,直播,,,999,999,,32,,
20015-200-300-909,20015,200,300,909,虎牙直播,https://www.huya.com/, ,https://www.huya.com/favicon.ico,直播,,,999,999,,32,,
20015-200-300-910,20015,200,300,910,哔哩哔哩直播,https://live.bilibili.com/, ,https://www.bilibili.com/favicon.ico,直播,,,999,999,,32,,
20015-201-300-901,20015,201,300,901,CCTV央视频道,https://tv.cctv.com/live/,,,直播,网络电视,,,,,,,
20016-200-300-901,20016,200,300,901,网易云课堂,https://study.163.com/, ,https://study.163.com/favicon.ico,在线教育,,,999,999,,16,,
20016-200-300-902,20016,200,300,902,中国大学MOOC,https://www.icourse163.org/, ,https://edu-image.nosdn.127.net/32a8dd2a-b9aa-4ec9-abd5-66cd8751befb.png?imageView&quality=100,在线教育,,,999,999,,64,,
20017-200-300-901,20017,200,300,901,豆瓣网,https://www.douban.com/, ,https://www.douban.com/favicon.ico,社区,,,999,999,,32,,
20017-200-300-902,20017,200,300,902,V2EX,https://www.v2ex.com/, ,https://www.v2ex.com/static/favicon.ico,社区,,,999,999,,32,,
20017-200-300-903,20017,200,300,903,知乎,https://zhihu.com/, ,https://static.zhihu.com/heifetz/favicon.ico,社区,,,999,999,,32,,
20017-200-300-904,20017,200,300,904,CSDN,https://www.csdn.net/, ,https://g.csdnimg.cn/static/logo/favicon32.ico,社区,,,999,999,,32,,
20017-200-300-905,20017,200,300,905,简书,https://www.jianshu.com/, ,https://cdn2.jianshu.io/assets/favicons/favicon-e743bfb1821442341c3ab15bdbe804f7ad97676bd07a770ccc9483473aa76f06.ico,社区,,,999,,,32,,
20017-200-300-906,20017,200,300,906,微博,https://weibo.com/, ,https://weibo.com/favicon.ico,社区,,,999,999,,32,,
20017-200-300-907,20017,200,300,907,果壳,https://www.guokr.com/,科技有意思 · 果壳走着瞧,https://www.guokr.com/favicon.ico,社区,,,999,999,,32,,
20017-200-300-908,20017,200,300,908,虎扑,https://www.hupu.com/,,https://w1.hoopchina.com.cn/images/pc/old/favicon.ico,社区,,,999,999,,32,,
20018-200-300-901,20018,200,300,901,SOOMAL,http://www.soomal.com/, ,http://www.soomal.com/favicon.ico,评测,,,999,,,16,,
20018-200-300-901,20018,200,300,901,BOSS直聘,https://www.zhipin.com/,,https://www.zhipin.com/favicon.ico,人力资源,,,999,999,,16,,
20018-200-300-902,20018,200,300,902,拉勾,https://www.lagou.com/,,https://www.lgstatic.com/lg-www-fed/common/static/favicon_faed927.ico,人力资源,,,999,999,,16,,
20018-200-300-903,20018,200,300,903,猎聘,https://www.liepin.com/,,https://concat.lietou-static.com/fe-www-pc/v5/static/favicon.e6edbc00.ico,人力资源,,,999,999,,32,,
20018-200-300-904,20018,200,300,904,大街,https://www.dajie.com/,,https://assets.dajieimg.com/images/favicon.ico,人力资源,,,999,999,,16,,
20018-200-300-905,20018,200,300,905,兼职猫,https://www.jianzhimao.com/,,https://oss.aliyuncs.com/jianzhimao/web-res/icon/jianzhimao-logo-min.png?version=20210316..$[+1],人力资源,,,999,999,,60,,
20018-200-300-906,20018,200,300,906,CSDN,https://job.csdn.net/,,https://job.csdn.net/favicon.ico,人力资源,,,999,999,,64,,
20018-200-300-907,20018,200,300,907,乔布简历,http://cv.qiaobutang.com/,,http://cv.qiaobutang.com/favicon.ico,人力资源,,,999,999,,16,,
20018-200-300-908,20018,200,300,908,智联招聘,https://www.zhaopin.com/,,https://common-bucket.zhaopin.cn/img/zhilian-ico/zhilian-ico-1.0.0.png,人力资源,,,999,999,,48,,
20018-200-300-909,20018,200,300,909,前程无忧,https://www.51job.com/,,https://www.51job.com/favicon.ico,人力资源,,,999,999,,16,,
20019-200-300-901,20019,200,300,901,网易云音乐,https://music.163.com/, ,https://s1.music.126.net/style/favicon.ico?v20180823,音乐,,,999,999,,32,,
20019-200-300-902,20019,200,300,902,千千音乐,https://music.taihe.com/, ,https://music.taihe.com/favicon.ico,音乐,,,999,999,,32,,
20019-200-300-903,20019,200,300,903,音乐Tai,https://www.yinyuetai.com/,,https://www.yinyuetai.com/favicon.ico,音乐,,,999,999,,16,,
20100-200-300-901,20100,200,300,901,芒果TV,https://www.mgtv.com/, ,https://www.mgtv.com/favicon.ico,视频,,,999,999,,16,,
20100-200-300-902,20100,200,300,902,优酷,https://www.youku.com/, ,https://img.alicdn.com/tfs/TB1WeJ9Xrj1gK0jSZFuXXcrHpXa-195-195.png,视频,,,999,999,,195,,
20100-200-300-903,20100,200,300,903,腾讯视频,https://v.qq.com/, ,https://v.qq.com/favicon.ico,视频,,,999,999,,32,,
20100-200-300-904,20100,200,300,904,iQIYI,https://www.iq.com/, ,https://www.iqiyipic.com/common/images/logo.ico,视频,,,999,999,,256,,
20100-200-300-905,20100,200,300,905,土豆,https://www.tudou.com/, ,https://img.alicdn.com/tfs/TB1Pd4JZ.z1gK0jSZLeXXb9kVXa-32-32.png,视频,,,999,999,,32,,
20100-200-300-906,20100,200,300,906,豆瓣电影,https://movie.douban.com/, ,https://img9.doubanio.com/favicon.ico,视频,,,999,999,,32,,
20100-200-300-907,20100,200,300,907,风行网,http://www.fun.tv/, ,,视频,,,999,,,,,
20100-200-300-908,20100,200,300,908,360影视,http://www.360kan.com/, ,http://www.360kan.com/favicon.ico,视频,,,999,999,,16,,
20100-200-300-909,20100,200,300,909,AcFun,https://www.acfun.cn/, ,https://cdn.aixifan.com/ico/favicon.ico,视频,,,999,999,,32,,
20100-200-300-910,20100,200,300,910,咪咕视频,https://www.miguvideo.com/, ,https://www.miguvideo.com/favicon.ico,视频,,,999,999,,48,,
20100-200-300-911,20100,200,300,911,乐视视频,http://www.le.com/, ,http://www.le.com/favicon.ico,视频,,,999,999,,32,,
20100-200-300-912,20100,200,300,912,哔哩哔哩,https://www.bilibili.com/, ,https://www.bilibili.com/favicon.ico?v=1,视频,,,999,999,,32,,
20100-200-300-913,20100,200,300,913,百度视频,http://v.baidu.com/, ,,视频,,,999,,,,,
20100-200-300-914,20100,200,300,914,搜狐视频,https://tv.sohu.com/, ,https://tv.sohu.com/favicon.ico,视频,,,999,999,,32,,
20100-200-300-915,20100,200,300,915,PPTV,https://www.pptv.com/, ,https://sr1.pplive.cn/mcms/nav/images/favicon.ico,视频,,,999,999,,32,,
20100-200-300-916,20100,200,300,916,搜狗视频,https://v.sogou.com/, ,https://dlweb.sogoucdn.com/translate/favicon.ico?v=20180424,视频,,,999,999,,32,,
20701-200-300-901,20701,200,300,901,网易,https://www.163.com/,,https://www.163.com/favicon.ico,门户网站,,,999,999,,16,,
20701-200-300-902,20701,200,300,902,新浪网,https://www.sina.com.cn/,,https://www.sina.com.cn/favicon.ico,门户网站,,,999,999,,32,,
20701-200-300-903,20701,200,300,903,搜狐,https://www.sohu.com/,,https://statics.itc.cn/web/static/images/pic/sohu-logo/favicon.ico,门户网站,,,999,999,,48,,
20702-200-300-901,20702,200,300,901,百度新闻,http://news.baidu.com/,,http://gss0.bdstatic.com/5foIcy0a2gI2n2jgoY3K/static/fisp_static/common/img/favicon.ico,新闻,,,999,999,,32,,
20702-200-300-902,20702,200,300,902,腾讯新闻,https://news.qq.com/,,https://mat1.gtimg.com/www/icon/favicon2.ico,新闻,,,999,999,,32,,
20702-200-300-903,20702,200,300,903,铁血网,http://www.tiexue.net/,,http://www.tiexue.net/favicon.ico,新闻,,,999,999,,16,,
20801-200-300-901,20801,200,300,901,世界数字图书馆,https://www.wdl.org/zh/,联合国教科文组织协办的电子书网站，精选全球各大图书馆藏品。数量不太大，但多为精品。,https://www.wdl.org/static/img/logos/wdl-152x152.3c48b49bd60d.png,数字图书馆,,,999,999,,152,,
20801-200-300-902,20801,200,300,902,中国国家图书馆,http://www.nlc.cn,内有古籍、民国图书、民国期刊等免费数据库 ，部分商业数据库，可注册后使用。,,数字图书馆,,,999,,,,,
20801-200-300-903,20801,200,300,903,香港大学图书馆数据库索引,https://libguides.lib.hku.hk/az.php,,,数字图书馆,,,999,,,,,
20801-200-300-904,20801,200,300,904,哈佛大学图书馆数据库索引,https://databases.hollis.harvard.edu/primo-explore/search?vid=HVD_DB&lang=en_US,,,数字图书馆,,,999,,,,,
20801-200-300-905,20801,200,300,905,香港公共图书馆旧香港报纸,https://sc.lcsd.gov.hk/TuniS/mmis.hkpl.gov.hk/web/guest/old-hk-collection,,,数字图书馆,,,999,,,,,
20801-200-300-906,20801,200,300,906,全国图书馆参考咨询联盟,http://www.ucdrs.superlib.net,,,数字图书馆,,,999,,,,,
20801-200-300-907,20801,200,300,907,大学数字图书馆国际合作计划,http://cadal.edu.cn/index/home,,,数字图书馆,,,999,,,,,
20801-200-300-908,20801,200,300,908,香光尼众佛学院图书馆,http://www.gaya.org.tw/library/,,,数字图书馆,,,999,,,,,
20801-200-300-909,20801,200,300,909,哥伦比亚大学东亚图书馆,http://www.columbia.edu/cu/lweb/digital/collections/eastasian/paper_gods/index.html,,,数字图书馆,,,999,,,,,
20801-200-300-910,20801,200,300,910,台灣大學圖書館公開取用電子書,http://ebooks.lib.ntu.edu.tw/Home/ListBooks,,,数字图书馆,,,999,,,,,
20801-200-300-911,20801,200,300,911,金陵圖書館,http://www.jllib.cn/,,,数字图书馆,,,999,,,,,
20801-200-300-912,20801,200,300,912,书格,https://shuge.org/,在线古籍图书馆,,数字图书馆,,,999,,,,,
20801-200-300-913,20801,200,300,913,哈佛燕京图书馆数字馆藏,https://guides.library.harvard.edu/Chinese?utm_source=Library+Staff&utm_campaign=9fca5a7bb3-EMAIL_CAMPAIGN_2017_06_28&utm_medium=email&utm_term=0_4bb25c0228-9fca5a7bb3-26352423#s-lg-box-6321879,,,数字图书馆,,,999,,,,,
,,,,,HathiTrust,https://www.hathitrust.org,公益性电子书网站，内有大量公版书可全文浏览或部分阅读。不同国家的IP，浏览权限不一。,,数字图书馆,,,999,,,,,
,,,,,Library Genesis,https://libgen.is,245万册电子书（32.22TB），8000万篇文章，均可自由下载。,,数字图书馆,,,999,,,,,
,,,,,Z-Library,https://zh.th1lib.org/,Z-Library是世界上最大的在线图书馆之一。,,数字图书馆,,,999,,,,,
,,,,,Booksee,https://en.booksee.org/,提供自由下载,,数字图书馆,,,999,,,,,
,,,,,Internet Archive,https://archive.org/index.php,全球最大的公益性电子书网站。所收电子书，主要为外语古籍和部分中文古籍（如四库、海外图书馆的特藏等）。此外，尚有海量的期刊杂志、老照片、录音、视频、网页等。,,数字图书馆,,,999,,,,,
,,,,,中国高等教育文献保障系统,http://www.calis.edu.cn,,,数字图书馆,,,999,,,,,
,,,,,WorldCat,https://www.worldcat.org,全球最大的图书与期刊联合目录，多语种，集成了全球各大图书馆的馆藏目录，目前有20亿笔资料目录。可注册，建立自己的书目库，支持书目导出、引用等。,,数字图书馆,,,999,,,,,
,,,,,开世览文,http://www.cashl.edu.cn/,中国高校人文社会科学文献中心，提供多所主流高校的联合目录检索服务（虽然不太精确），可提供图书馆馆际互借服务。本校图书馆没有的图书，可通过这个平台，或中国高等教育文献保障系统：http://www.calis.edu.cn，申请馆际互借。,,数字图书馆,,,999,,,,,
,,,,,历史文献数据库,http://222.178.203.72:9051/#/,,,数字图书馆,北碚图书馆,,999,,,,,
,,,,,湖北方志库,http://gjpt.library.hb.cn:8991/qt-zxsk.html,,,数字图书馆,湖北省图书馆,,999,,,,,
,,,,,湖北家谱库,http://gjpt.library.hb.cn:8991/home/jp_index.html,,,数字图书馆,湖北省图书馆,,999,,,,,
,,,,,湖州数字图书馆,http://www.hzetsg.com/interlibSSO/main/main.jsp,,,数字图书馆,湖州市图书馆,,999,,,,,
,,,,,数字古籍,http://lzslib.lzslib.org.cn/class.asp?classid=3,,,数字图书馆,阆中市图书馆,,999,,,,,
,,,,,清人文集全文影像数据库,http://www2.jslib.org.cn/was5/web/qrwj.htm,南京图书馆藏清人文集全文影像数据库,,数字图书馆,南京图书馆,,999,,,,,
,,,,,狮山学馆,http://ancb.njtc.edu.cn/,,,数字图书馆,内江师范学院图书馆,,999,,,,,
,,,,,古典籍资料,https://dl.ndl.go.jp/,,,数字图书馆,日本国会图书馆,,999,,,,,
,,,,,上海图书馆,https://library.sh.cn/#/index,,,数字图书馆,上海图书馆,,999,,,,,
,,,,,上图家谱,http://wrd2016.library.sh.cn/channel/stjp/,,,数字图书馆,上海图书馆,,999,,,,,
,,,,,古籍插图库,http://query.clcn.net.cn/GJAndST/gjct1.htm,,,数字图书馆,首都图书馆,,999,,,,,
,,,,,古籍珍善本图像数据库,http://gjzsb.clcn.net.cn/,,,数字图书馆,首都图书馆,,999,,,,,
,,,,,研究工具集,http://thdl.ntu.edu.tw/tools/,,,数字图书馆,台湾大学台湾历史数位图书馆,,999,,,,,
,,,,,馆藏古籍资源库,http://39.106.82.98:8066/index.html#page1,,,数字图书馆,唐河图书馆,,999,,,,,
,,,,,梵文写本,http://cudl.lib.cam.ac.uk/collections/sanskrit/1,,,数字图书馆,英国剑桥大学图书馆,,999,,,,,
,,,,,古籍数字图书馆,http://msq.ynlib.cn/,,,数字图书馆,云南省图书馆,,999,,,,,
,,,,,古籍文献,http://www.zzlib.com/gjl,,,数字图书馆,枣庄市图书馆,,999,,,,,
,,,,,One Search,https://search.nlb.gov.sg/,,,数字图书馆,新加坡国家图书馆,,999,,,,,
,,,,,电子资源,https://eresources.nlb.gov.sg/,,,数字图书馆,新加坡国家图书馆,,999,,,,,
,,,,,数据库资源导航,https://dwz.cn/04OMn1iC,,,数字图书馆,山东大学图书馆,,999,,,,,
,,,,,加拿大大汉公报,http://chinesetimes.lib.sfu.ca/,,,数字图书馆,旧报纸,,999,,,,,
,,,,,美国国会图书馆旧报刊数据库,https://chroniclingamerica.loc.gov,可全文检索，免费在线阅览和下载。,,数字图书馆,旧报纸,,999,,,,,
,,,,,大英图书馆旧报刊数据库,https://www.britishnewspaperarchive.co.uk,可全文检索，收费，个人可注册缴费。,,数字图书馆,旧报纸,,999,,,,,
20802-200-300-901,20802,200,300,901,天一阁博物馆,http://www.tianyige.com.cn:8008/Default,只要注册即可在线浏览,,数字博物馆,,,999,,,,,
20802-200-300-902,20802,200,300,902,古籍数字资源库,http://www.tianyige.com.cn:8008/default,,,数字博物馆,天一阁博物馆,,999,,,,,
20803-200-300-901,20803,200,300,901,书法字典,http://www.shufazidian.com/,,http://www.shufazidian.com/favicon.ico,字典,,,999,,,,,
20803-200-300-902,20803,200,300,902,異體字字典,http://dict.variants.moe.edu.tw,,https://dict.variants.moe.edu.tw/favicon.ico?v=3,字典,,,999,,,,,
20803-200-300-903,20803,200,300,903,引得市,http://www.mebag.com/index/,,http://www.mebag.com/favicon.ico,字典,,,999,,,,,
20803-200-300-904,20803,200,300,904,小学堂,https://xiaoxue.iis.sinica.edu.tw/,,https://xiaoxue.iis.sinica.edu.tw/Content/Images/ICON.ico,字典,,,999,,,,,
20803-200-300-905,20803,200,300,905,口语梵语字典,https://www.learnsanskrit.cc/,,,字典,,,999,,,,,
20803-200-300-906,20803,200,300,906,梵语字典,http://www.sanskritdictionary.com/,,,字典,,,999,,,,,
20803-200-300-907,20803,200,300,907,巴利文在线字典,http://cpd.uni-koeln.de/search,（A Critical Pāli Dictionary Online）A Critical Pāli Dictionary Online is maintained by the Data Center for the Humanities at the University of Cologne in cooperation with the Pali Text Society.,,字典,,,999,,,,,
20804-200-300-901,20804,200,300,901,有道词典,http://dict.youdao.com/,,https://shared.ydstatic.com/images/favicon.ico,词典,,,999,999,,16,,
20804-200-300-902,20804,200,300,902,小鸡词典,https://jikipedia.com/, ,,词典,,,999,,,,,
20804-200-300-903,20804,200,300,903,呀啦嗦藏文在线词典,http://www.yalasoo.com/Chinese/yalasoo_cn_online_dictionary_COM.php,汉藏英三语,,词典,,,999,,,,,
,20805,200,300,900,中国古典文献资源导航系统,https://www.kuizhangge.cn,,,古籍,,,999,,,,,
,20805,200,300,901,影印古籍资料,https://sou-yun.cn/eBookIndex.aspx,,,古籍,搜韵网,,999,,,,,
99999-200-300-9187,99999,200,300,9187,Gale Scholar,https://dwz.cn/0bz5szYB,Gale Scholar-Archives Unbound珍稀原始典藏档案数据库中28个主题。Gale Scholar是Gale公司的大型数据库集成产品， 为用户呈现 1 亿 7000 万页、跨越全球 500 年历史的珍稀原始文献资源，最早的历史资料可追溯到十五世纪，资料类型包括图书、地图、照片、报纸、手稿、期刊、视频和音频等。文献全部来自于权威机构如大英图书馆、美国国家档案馆、英国国家档案馆、美国国务院档案馆、哈佛大学图书馆、耶鲁大学图书馆、哥伦比亚大学图书馆、牛津、剑桥等等。这些文献包含解密档案、政府文件、手稿、报刊、照片等，内容极为丰富，对社会科学、历史、哲学、教育、国际关系、国际政治、经济史、法律、文学、艺术等学科有独特价值。,,古籍,山东大学图书馆,,999,,,,,
99999-200-300-9185,99999,200,300,9185,韩国历史文献相关网站大汇总,https://www.haijiaoshi.com/archives/156,提供《朝鲜王朝实录》、《承政院日记》、《备边司誊录》等数据库的导航。,,古籍,整理文章,,999,,,,,
20997-200-300-900,20997,200,300,900,游民星空,https://www.gamersky.com/,,https://www.gamersky.com/favicon.ico,游戏,,,999,999,,,,
20997-200-300-901,20997,200,300,901,17173.com,https://www.17173.com/,,https://ue.17173cdn.com/images/lib/v1/favicon-hd.ico,游戏,未区分,,999,999,,32,,
20997-200-300-902,20997,200,300,902,TGbus,http://www.tgbus.com/,,http://www.tgbus.com/static/img/favicon.ico,游戏,未区分,,999,999,,64,,
20997-200-300-903,20997,200,300,903,52PK,https://www.52pk.com/,,https://www.52pk.com/favicon.ico,游戏,未区分,,999,999,,16,,
20997-200-300-904,20997,200,300,904,178.com,http://www.178.com/,,http://cimg.178.com/www/favicon.ico,游戏,未区分,,999,999,,64,,
20997-200-300-905,20997,200,300,905,NGA玩家社区,https://nga.cn/,,https://bbs.nga.cn/favicon.ico,游戏,未区分,,999,999,,16,,
20997-200-300-906,20997,200,300,906,游民星空,https://www.gamersky.com/,,https://www.gamersky.com/favicon.ico,游戏,未区分,,999,999,,16,,
20997-201-300-901,20997,201,300,901,4399.com,http://www.4399.com/,4399小游戏,http://www.4399.com/favicon.ico,游戏,小游戏,,999,999,,16,,
20997-202-300-901,20997,202,300,901,3DMGame,https://www.3dmgame.com/,,https://www.3dmgame.com/favicon.ico,游戏,单机游戏,,999,999,,16,,
20998-200-300-901,20998,200,300,901,CC直播,https://cc.163.com/,,https://cc.res.netease.com/act/webcc/favicon/favicon.ico,网易,,,999,999,,16,,
90001-200-300-900,90001,200,300,900, ,,,,初录未归挡1,,,,,,,,
90001-201-300-900,90001,201,300,900, ,,,,初录未归挡1,民主党派,,,,,,,
90001-201-300-901,90001,201,300,901,中国致公党,http://www.zg.org.cn/,,,初录未归挡1,民主党派,致公党,999,,,,,
90001-201-300-902,90001,201,300,902,台湾民主自治同盟,https://www.taimeng.org.cn/,台盟,,初录未归挡1,民主党派,台盟,999,,,,,
90001-201-300-903,90001,201,300,903,中国农工民主党,http://www.ngd.org.cn/,农工党,,初录未归挡1,民主党派,农工党,999,,,,,
90001-201-300-904,90001,201,300,904,中国民主同盟,https://www.mmzy.org.cn/,民盟,,初录未归挡1,民主党派,民盟,999,,,,,
90001-201-300-905,90001,201,300,905,中国民主促进会,https://www.mj.org.cn/,民进,,初录未归挡1,民主党派,民进,999,,,,,
90001-201-300-906,90001,201,300,906,中国民主建国会,https://www.cndca.org.cn/,民建,,初录未归挡1,民主党派,民建,999,,,,,
90001-201-300-907,90001,201,300,907,中国国民党革命委员会,http://www.minge.gov.cn/,民革,,初录未归挡1,民主党派,民革,999,,,,,
90001-201-300-908,90001,201,300,908,九三学社,http://www.93.gov.cn/,,,初录未归挡1,民主党派,九三学社,999,,,,,
99999-200-300-9000,99999,200,300,9000, ,,,,初录未归挡,,,,,,,,
99999-200-300-9002,99999,200,300,9002,微信网页版,https://wx.qq.com/, ,https://res.wx.qq.com/a/wx_fed/assets/res/NTI4MWU5.ico,初录未归挡,未区分,,999,999,,32,,
99999-200-300-9004,99999,200,300,9004,印象笔记,https://www.yinxiang.com/,,https://www.yinxiang.com/favicon.ico,初录未归挡,未区分,,999,999,,32,,
99999-200-300-9011,99999,200,300,9011,汽车之家,https://www.autohome.com.cn/,,https://www.autohome.com.cn/favicon.ico,初录未归挡,未区分,,999,999,,32,,
99999-200-300-9012,99999,200,300,9012,中国青年网,http://www.youth.cn/, ,,初录未归挡,未区分,,999,,,,备案,经营
99999-200-300-9031,99999,200,300,9031,维普期刊,http://www.cqvip.com,偏重科技类期刊论文。目前，举国上下抗战病毒，在疫情防控期间，该网站免费向读者开放学术论文的下载权限，学者们对此表示，怒赞。,,初录未归挡,古籍,中文期刊杂志,999,,,,,
99999-200-300-9032,99999,200,300,9032,国家哲学社会科学文献中心,http://www.ncpssd.org/index.aspx,提供中文期刊、古籍及外文期刊全文，主打中文期刊。目前收录期刊数和篇数，不如中国知网CNKI、维普等多，但全网可免费阅览、下载。,,初录未归挡,古籍,中文期刊杂志,999,,,,,
99999-200-300-9033,99999,200,300,9033,中国知网,https://cnki.net,全球最大的中文期刊网站，当然，估计也是最贵的，且年年涨价，颇凶猛。提供简单检索、高级检索、专业检索等检索方式。令人欣喜的是，国家图书馆注册账号后可以免费使用。,,初录未归挡,古籍,中文期刊杂志,999,,,,,
99999-200-300-9034,99999,200,300,9034,晚清、民国期刊全文数据库,http://www.cnbksy.com,《晚清期刊全文数据库》收录了1833—1911年间302期刊，几乎囊括了当时出版的所有期刊，约28万余篇的文章。《民国时期期刊全文数据库》（1911—1949）收录民国时期出版的期刊两万五千余种，文献1000多万篇。两者均可全文检索、PDF下载。,,初录未归挡,古籍,中文期刊杂志,999,,,,,
99999-200-300-9036,99999,200,300,9036,读秀/超星,http://www.duxiu.com,,,初录未归挡,古籍,中文电子书,999,,,,,
99999-200-300-9039,99999,200,300,9039,爱如生古籍论坛,http://forum.er07.com,爱如生公司提供的中国古籍免费论坛，注册后可自由下载，包含常见的四库系列、方志舆图、金石考古、海外大型图书馆古籍等系列资源。,,初录未归挡,古籍,中文电子书,999,,,,,
99999-200-300-9040,99999,200,300,9040,国学数典论坛/学乐酷：,http://bbs.gxsd.com.cn/forum.php,民间最流行的文史类古籍交流论坛。,,初录未归挡,古籍,中文电子书,999,,,,,
99999-200-300-9041,99999,200,300,9041,爱如生,http://er07.com,不知道是不是全宇宙最大的中文古籍数据库公司。提供中国基本古籍库、四库系列数据库、方志库、明清档案库、各类报刊库等数据库。以上数据库，均需购买后方可使用。,,初录未归挡,古籍,中文电子书,999,,,,,
99999-200-300-9043,99999,200,300,9043,古代佛教文本,https://www.ancient-buddhist-texts.net/,,,初录未归挡,古籍,在线书籍,999,,,,,
99999-200-300-9044,99999,200,300,9044,早期佛教文本,https://suttacentral.net/,,,初录未归挡,古籍,在线书籍,999,,,,,
99999-200-300-9045,99999,200,300,9045,挪威奥斯陆大学佛教文献多语对读,https://www2.hf.uio.no/polyglotta/index.php?page=library&bid=2,（Thesaurus Literaturae Buddhicae）,,初录未归挡,古籍,在线书籍,999,,,,,
99999-200-300-9046,99999,200,300,9046,德国哥廷根大学印度古代文本,http://gretil.sub.uni-goettingen.de/,（Göttingen Register of Electronic Texts in Indian Languages and related Indological materials from Central and Southeast Asia）,,初录未归挡,古籍,在线书籍,999,,,,,
99999-200-300-9047,99999,200,300,9047,德国美茵河畔法兰克福歌德大学印欧语文本集成,http://titus.uni-frankfurt.de/indexe.htm,（Thesaurus Indogermanischer Text- und Sprachmaterialien）,,初录未归挡,古籍,在线书籍,999,,,,,
99999-200-300-9048,99999,200,300,9048,德国海德堡大学梵文数字语料库,http://kjc-sv013.kjc.uni-heidelberg.de/dcs/index.php,,,初录未归挡,古籍,在线书籍,999,,,,,
99999-200-300-9049,99999,200,300,9049,中华电子佛典协会,http://www.cbeta.org/,,,初录未归挡,古籍,在线书籍,999,,,,,
99999-200-300-9050,99999,200,300,9050,日本东京大学电子化大正藏,http://21dzk.l.u-tokyo.ac.jp/SAT/index_en.html,,,初录未归挡,古籍,在线书籍,999,,,,,
99999-200-300-9051,99999,200,300,9051,日本东京大学万历版大藏经（嘉兴藏/径山藏）,https://dzkimgs.l.u-tokyo.ac.jp/kkz/,,,初录未归挡,古籍,在线书籍,999,,,,,
99999-200-300-9052,99999,200,300,9052,韩国高丽大藏经在线检索,http://kb.sutra.re.kr/ritk_eng/search/searchBranch.do,,,初录未归挡,古籍,在线书籍,999,,,,,
99999-200-300-9053,99999,200,300,9053,佛教数字资源中心(BDRC),https://www.tbrc.org/,,,初录未归挡,古籍,在线书籍,999,,,,,
99999-200-300-9054,99999,200,300,9054,美国西来大学数字梵文佛教典籍,http://www.dsbcproject.org/,（Digital Sanskrit Buddhist Canon）,,初录未归挡,古籍,在线书籍,999,,,,,
99999-200-300-9055,99999,200,300,9055,八万四千佛典传译网,http://read.84000.co/,,,初录未归挡,古籍,在线书籍,999,,,,,
99999-200-300-9056,99999,200,300,9056,日本东京大学藏南亚写本,http://utlsktms.ioc.u-tokyo.ac.jp/list.php,,,初录未归挡,古籍,在线书籍,999,,,,,
99999-200-300-9058,99999,200,300,9058,北京大学梵佛研原民族宫藏梵文写本,http://fanfoyan.com/ms.htm,,,初录未归挡,古籍,在线书籍,999,,,,,
99999-200-300-9059,99999,200,300,9059,在线古藏文写本（7-12世纪）,http://otdo.aa-ken.jp/,,,初录未归挡,古籍,在线书籍,999,,,,,
99999-200-300-9060,99999,200,300,9060,德国科隆大学电子化梵文字典,http://www.sanskrit-lexicon.uni-koeln.de/,（Cologne Digital Sanskrit Dictionaries）,,初录未归挡,古籍,在线书籍,999,,,,,
99999-200-300-9061,99999,200,300,9061,犍陀罗语网,https://gandhari.org/n_dictionary.php,（电子化的梵语、佛教混合梵语、巴利语、犍陀罗语字典）,,初录未归挡,古籍,在线书籍,999,,,,,
99999-200-300-9067,99999,200,300,9067,美国芝加哥大学电子化梵文字典,https://dsalsrv04.uchicago.edu/dictionaries/apte/,,,初录未归挡,古籍,在线书籍,999,,,,,
99999-200-300-9068,99999,200,300,9068,Nitartha藏文字典,http://nitartha.pythonanywhere.com/search,（用威利转写查英文释义）,,初录未归挡,古籍,在线书籍,999,,,,,
99999-200-300-9070,99999,200,300,9070,荻原云来《汉译对照梵和大辞典》,http://www.manduuka.net/sanskrit/dic/ogdic.htm,在线检索版（仅上册可查）,,初录未归挡,古籍,在线书籍,999,,,,,
99999-200-300-9071,99999,200,300,9071,佛教研究术语库,http://glossaries.dila.edu.tw/,（Glossaries for Buddhist Studies）,,初录未归挡,古籍,在线书籍,999,,,,,
99999-200-300-9072,99999,200,300,9072,电子佛教词典,http://www.buddhism-dict.net/ddb/,（Digital Dictionary of Buddhism）,,初录未归挡,古籍,在线书籍,999,,,,,
99999-200-300-9073,99999,200,300,9073,丁福保佛学大辞典,https://zh.wikisource.org/wiki/%E4%BD%9B%E5%AD%B8%E5%A4%A7%E8%BE%AD%E5%85%B8,,,初录未归挡,古籍,在线书籍,999,,,,,
99999-200-300-9074,99999,200,300,9074,佛典辞书数位检索系统,http://140.112.26.229/cyj/index.py?term=,,,初录未归挡,古籍,在线书籍,999,,,,,
99999-200-300-9075,99999,200,300,9075,佛光大辞典、佛光大藏经,http://etext.fgs.org.tw/,,,初录未归挡,古籍,在线书籍,999,,,,,
99999-200-300-9076,99999,200,300,9076,德国汉堡大学印藏词汇集,https://www.itlr.net/testb.php?md=view,（Indo-Tibetan Lexical Resource， ITLR）,,初录未归挡,古籍,在线书籍,999,,,,,
99999-200-300-9077,99999,200,300,9077,日本东京大学佛教用语用例集,http://www.l.u-tokyo.ac.jp/~b_kosha/start_index.html,（五位百法与五位七十五法对应词汇，在阿毗达磨文献和瑜伽行文献中，各自的定义和用例）,,初录未归挡,古籍,在线书籍,999,,,,,
99999-200-300-9078,99999,200,300,9078,北京大学梵佛词典,http://fanfoyan.com:8080/FDict/#/dictionary,,,初录未归挡,古籍,在线书籍,999,,,,,
99999-200-300-9079,99999,200,300,9079,中华佛典宝库网梵藏巴利文学习资料下载,http://www.fodian.net/yuyan/index.htm,,,初录未归挡,古籍,在线书籍,999,,,,,
99999-200-300-9080,99999,200,300,9080,台湾佛陀教育基金会藏文书籍下载,http://www.budaedu.org/ebooks/6-TI.php,,,初录未归挡,古籍,在线书籍,999,,,,,
99999-200-300-9081,99999,200,300,9081,佛教研究工具库,http://mbingenheimer.net/tools/indexTools.html,（Tools for Buddhist Studies）,,初录未归挡,古籍,在线书籍,999,,,,,
99999-200-300-9082,99999,200,300,9082,华梵网佛教研究资源导航,http://huafan.org.cn/index.php?m=Page&amp;amp;a=index&id=50,,,初录未归挡,古籍,在线书籍,999,,,,,
99999-200-300-9083,99999,200,300,9083,佛教藏经目录数位资料库,http://t.cn/zOaEKAz,,,初录未归挡,古籍,在线书籍,999,,,,,
99999-200-300-9084,99999,200,300,9084,中华佛学研究所，中国佛教寺庙志数位典藏,http://t.cn/zOmolCZ,,,初录未归挡,古籍,在线书籍,999,,,,,
99999-200-300-9085,99999,200,300,9085,法鼓佛教学院，佛教规范资料库,http://t.cn/zOhOWV5,,,初录未归挡,古籍,在线书籍,999,,,,,
99999-200-300-9086,99999,200,300,9086,中国佛教数字目录,http://t.cn/8kdrF2K,,,初录未归挡,古籍,在线书籍,999,,,,,
99999-200-300-9087,99999,200,300,9087,中华佛学研究所,http://t.cn/zOAOa4U,，宋元明清汉传佛教人物资料库,,初录未归挡,古籍,在线书籍,999,,,,,
99999-200-300-9088,99999,200,300,9088,佛教学术资源在线指南,http://t.cn/8kBtMGt,,,初录未归挡,古籍,在线书籍,999,,,,,
99999-200-300-9089,99999,200,300,9089,近代中国佛教检索，1850-1950年,http://t.cn/8k10SmL,,,初录未归挡,古籍,在线书籍,999,,,,,
99999-200-300-9091,99999,200,300,9091,创価大学国际佛教学高等研究所,http://iriab.soka.ac.jp/orc/seika.html,,,初录未归挡,古籍,在线书籍,999,,,,,
99999-200-300-9092,99999,200,300,9092,各版本藏经下载,http://grandsutras.org/,佛教大藏经、大清乾隆大藏经（龙藏）、永乐北藏、中华大藏经、大正藏、卍续藏经、佛梅电子大藏经、佛教巴利文大藏经、西藏佛教藏文大藏经,,初录未归挡,古籍,在线书籍,999,,,,,
99999-200-300-9093,99999,200,300,9093,藏经阁佛学辞典集成,http://www.baus-ebs.org/sutra.html,,,初录未归挡,古籍,在线书籍,999,,,,,
99999-200-300-9098,99999,200,300,9098,《中国金石总录》全拓全文数字版,http://www.ch5000.com.cn,,,初录未归挡,古籍,未区分,999,,,,,
99999-200-300-9099,99999,200,300,9099,中华寻根网,http://ouroots.nlc.cn,,,初录未归挡,古籍,未区分,999,,,,,
99999-200-300-9100,99999,200,300,9100,汉籍电子文献（含中华民国史事日志等）,http://hanji.sinica.edu.tw/index.html,,,初录未归挡,古籍,未区分,999,,,,,
99999-200-300-9101,99999,200,300,9101,中国历代墓志数据库,http://csid.zju.edu.cn,,,初录未归挡,古籍,未区分,999,,,,,
99999-200-300-9106,99999,200,300,9106,“中研院”史語所漢籍電子文獻數據庫,http://t.cn/akuhEu,,,初录未归挡,古籍,未区分,999,,,,,
99999-200-300-9107,99999,200,300,9107,东京大学东洋文化研究所汉籍善本全文影像资料库,http://t.cn/aoxNuq,,,初录未归挡,古籍,未区分,999,,,,,
99999-200-300-9108,99999,200,300,9108,東京大學東洋文化研究所雙紅堂文庫全文影像資料庫,http://t.cn/zTyT450,,,初录未归挡,古籍,未区分,999,,,,,
99999-200-300-9110,99999,200,300,9110,日本學習院大學東洋文化研究所所藏古典籍,http://t.cn/8k3IHye,,,初录未归挡,古籍,未区分,999,,,,,
99999-200-300-9111,99999,200,300,9111,京都大學人文科學研究所在線版四庫提要,http://t.cn/aNmUFV,,,初录未归挡,古籍,未区分,999,,,,,
99999-200-300-9112,99999,200,300,9112,京都大學人文科學研究所東方學デジタル圖書館,http://t.cn/aoHBzA,,,初录未归挡,古籍,未区分,999,,,,,
99999-200-300-9113,99999,200,300,9113,早稻田大学古典籍総合,http://t.cn/hGhxOv,,,初录未归挡,古籍,未区分,999,,,,,
99999-200-300-9114,99999,200,300,9114,京都大學電子圖書館貴重資料畫像數據庫,http://t.cn/zjyfHfq,,,初录未归挡,古籍,未区分,999,,,,,
99999-200-300-9115,99999,200,300,9115,中國哲學書電子化計劃,http://t.cn/zRO0E0e,,,初录未归挡,古籍,未区分,999,,,,,
99999-200-300-9116,99999,200,300,9116,“中央研究院”汉籍电子文献瀚典全文检索系统,http://t.cn/ao1wf9,,,初录未归挡,古籍,未区分,999,,,,,
99999-200-300-9117,99999,200,300,9117,台灣網上書上網─數位典藏與學習電子書庫,http://t.cn/a9lJX9,,,初录未归挡,古籍,未区分,999,,,,,
99999-200-300-9118,99999,200,300,9118,故宮博物院和東吳大學數位古今圖書集成,http://t.cn/a3PqU3,,,初录未归挡,古籍,未区分,999,,,,,
99999-200-300-9120,99999,200,300,9120,《工部局董事会会议录》28册,http://t.cn/8kUQCOh,,,初录未归挡,古籍,未区分,999,,,,,
99999-200-300-9122,99999,200,300,9122,康奈尔大学，华生中国收藏,http://t.cn/8k136fl,,,初录未归挡,古籍,未区分,999,,,,,
99999-200-300-9124,99999,200,300,9124,輔仁大學歷史學系等南京教區契約文書數位典藏計劃,http://t.cn/8kyFO2y,,,初录未归挡,古籍,未区分,999,,,,,
99999-200-300-9125,99999,200,300,9125,賴永祥長老史料庫,http://t.cn/8FKtJAH,,,初录未归挡,古籍,未区分,999,,,,,
99999-200-300-9126,99999,200,300,9126,劍橋大學圖書館館藏中國叢書綜合目錄檢索,http://t.cn/8kZMTQk,,,初录未归挡,古籍,未区分,999,,,,,
99999-200-300-9130,99999,200,300,9130,中國大陸各省地方志書目查詢系統,http://t.cn/hcZpm1,,,初录未归挡,古籍,未区分,999,,,,,
99999-200-300-9131,99999,200,300,9131,東洋学文献類目検索,http://t.cn/zTX4c28,,,初录未归挡,古籍,未区分,999,,,,,
99999-200-300-9132,99999,200,300,9132,日本全国汉籍检索系统,http://t.cn/aCMEfI,,,初录未归挡,古籍,未区分,999,,,,,
99999-200-300-9134,99999,200,300,9134,清代檔案人名權威資料查詢,http://t.cn/zR6uYkd,,,初录未归挡,古籍,未区分,999,,,,,
99999-200-300-9135,99999,200,300,9135,“中研院”國際電腦漢字及異體字知識庫,http://t.cn/hgsrrH,,,初录未归挡,古籍,未区分,999,,,,,
99999-200-300-9136,99999,200,300,9136,“中研院”語言學研究所等搜文解字,http://t.cn/8kx2foj,,,初录未归挡,古籍,未区分,999,,,,,
99999-200-300-9137,99999,200,300,9137,“中央研究院”語言學研究所漢字知識本體,http://t.cn/8FA0ncX,,,初录未归挡,古籍,未区分,999,,,,,
99999-200-300-9138,99999,200,300,9138,缺字系統,http://t.cn/zThmsVi,,,初录未归挡,古籍,未区分,999,,,,,
99999-200-300-9139,99999,200,300,9139,中國文化大學中華百科全書,http://t.cn/akc9jE,,,初录未归挡,古籍,未区分,999,,,,,
99999-200-300-9141,99999,200,300,9141,海德堡大学汉学文典,http://t.cn/zRjMO6v,,,初录未归挡,古籍,未区分,999,,,,,
99999-200-300-9142,99999,200,300,9142,海德堡大学早期《申报》索引,http://t.cn/zRlkFch,,,初录未归挡,古籍,未区分,999,,,,,
99999-200-300-9143,99999,200,300,9143,中文和合本聖經查詢系統,http://t.cn/h0XGb,,,初录未归挡,古籍,未区分,999,,,,,
99999-200-300-9144,99999,200,300,9144,澳門期刊論文索引,http://t.cn/8FLGer7,,,初录未归挡,古籍,未区分,999,,,,,
99999-200-300-9145,99999,200,300,9145,台湾NCL中国文化研究论文目录,http://t.cn/8kJECgC,,,初录未归挡,古籍,未区分,999,,,,,
99999-200-300-9146,99999,200,300,9146,台湾民间传说主题资料库,http://t.cn/8F24jwG,,,初录未归挡,古籍,未区分,999,,,,,
99999-200-300-9147,99999,200,300,9147,台湾人文及社会科学引文索引资料库,http://t.cn/8F240WC,,,初录未归挡,古籍,未区分,999,,,,,
99999-200-300-9148,99999,200,300,9148,台灣文史哲論文集篇目索引系統,http://t.cn/8kixsvj,,,初录未归挡,古籍,未区分,999,,,,,
99999-200-300-9149,99999,200,300,9149,台北学研究主题资料库,http://t.cn/8F240Wo,,,初录未归挡,古籍,未区分,999,,,,,
99999-200-300-9150,99999,200,300,9150,臺灣大學法律學院臺灣日治時期統計資料庫,http://t.cn/zROOF7V,,,初录未归挡,古籍,未区分,999,,,,,
99999-200-300-9151,99999,200,300,9151,中華佛學研究所中國佛教寺廟志數位典藏,http://t.cn/zOmolCZ,,,初录未归挡,古籍,未区分,999,,,,,
99999-200-300-9152,99999,200,300,9152,（台）“国家图书馆”汉学研究中心,http://t.cn/z0e1YLv,,,初录未归挡,古籍,未区分,999,,,,,
99999-200-300-9153,99999,200,300,9153,北京外国语大学中国海外汉学研究中心,http://t.cn/8FC1rBK,,,初录未归挡,古籍,未区分,999,,,,,
99999-200-300-9154,99999,200,300,9154,香港城市大學邵逸夫圖書館電子典藏,http://t.cn/8kwNPNn,,,初录未归挡,古籍,未区分,999,,,,,
99999-200-300-9155,99999,200,300,9155,香港科技大学图书馆特藏及档案数据库,http://t.cn/zRC8rbD,,,初录未归挡,古籍,未区分,999,,,,,
99999-200-300-9156,99999,200,300,9156,香港大學學術庫,http://t.cn/h6L5p0,,,初录未归挡,古籍,未区分,999,,,,,
99999-200-300-9157,99999,200,300,9157,“中央研究院”數位典藏資源網,http://t.cn/ao1wfN,,,初录未归挡,古籍,未区分,999,,,,,
99999-200-300-9158,99999,200,300,9158,典藏台湾，七百多个数据库一网打尽,http://t.cn/hBrAbA,,,初录未归挡,古籍,未区分,999,,,,,
99999-200-300-9159,99999,200,300,9159,臺大數位典藏中心，國家文化資料庫,http://t.cn/8kpvFab,,,初录未归挡,古籍,未区分,999,,,,,
99999-200-300-9160,99999,200,300,9160,臺灣大學圖書館臺灣機構典藏,http://t.cn/hGVTOA,,,初录未归挡,古籍,未区分,999,,,,,
99999-200-300-9161,99999,200,300,9161,新竹清華大學機構典藏,http://t.cn/8kPTrIQ,,,初录未归挡,古籍,未区分,999,,,,,
99999-200-300-9162,99999,200,300,9162,澳門大學澳門電子資源全文網,http://t.cn/8FLGerh,,,初录未归挡,古籍,未区分,999,,,,,
,,,,,,,,,初录未归挡,个人站点,,,,,,,
99999-200-300-9190,99999,200,300,9190,网页转换助手,http://www.html22.com/zh/, ,,初录未归挡,个人站点,在线工具,999,,,,,
99999-200-300-9191,99999,200,300,9191,思谋学术,https://ac.scmor.com/, ,,初录未归挡,个人站点,学术镜像,999,,,,,
99999-200-300-9192,99999,200,300,9192,少数派,https://sspai.com/, ,,初录未归挡,个人站点,未区分,999,,,,,
99999-200-300-9193,99999,200,300,9193,后续,https://houxu.app/, ,,初录未归挡,个人站点,未区分,999,,,,,
99999-200-300-9194,99999,200,300,9194,GitNavi,http://www.gitnavi.com/,,http://www.gitnavi.com/favicon.ico,初录未归挡,个人站点,网站导航,999,999,,32,,
99999-200-300-9195,99999,200,300,9195,龙喵网,https://ailongmiao.com/,,https://media.ailongmiao.com/favicon.ico,初录未归挡,个人站点,网站导航,999,999,,32,,
99999-200-300-9196,99999,200,300,9196,别闹,https://bienao.com/,,https://static.bienao.com/favicon.ico,初录未归挡,个人站点,网站导航,999,999,,48,,
99999-200-300-9197,99999,200,300,9197,快导航网,https://www.hifast.cn/,,https://www.hifast.cn/wp-content/uploads/2021/02/hifast.png,初录未归挡,个人站点,网站导航,999,999,,80,,
99999-200-300-9198,99999,200,300,9198,演示导航,https://www.aboutppt.com/,,https://www.aboutppt.com/wp-content/uploads/2020/09/ico.ico,初录未归挡,个人站点,网站导航,999,999,,128,,
99999-200-300-9199,99999,200,300,9199,黑点导航,https://www.ihddh.com/,,https://www.ihddh.com/image/title.ico,初录未归挡,个人站点,网站导航,999,999,,,,
99999-200-300-9200,99999,200,300,9200,亿万导航,https://www.yiw1.com/,,https://www.yiw1.com/wp-content/uploads/2020/06/cropped-QQ%E5%9B%BE%E7%89%8720200620110002-32x32.jpg,初录未归挡,个人站点,网站导航,999,999,,,,
99999-200-300-9201,99999,200,300,9201,咪起了导航,https://www.miqile.cn/,,https://www.miqile.cn/wp-content/uploads/2020/09/cropped-20200922145127750476-4-32x32.png,初录未归挡,个人站点,网站导航,999,999,,,,
99999-200-300-9202,99999,200,300,9202,后期狗(GO)导航,http://houqigo.com/,,http://res.houqigo.com/wp-content/uploads/2020/04/favicon.png,初录未归挡,个人站点,网站导航,999,999,,,,
99999-200-300-9203,99999,200,300,9203,思古搜,https://siguso.com/,,https://siguso.com/favicon.ico,初录未归挡,个人站点,网站导航,999,999,,,,
99999-200-300-9204,99999,200,300,9204,学渣网,https://www.xuezha.cn/,,https://www.xuezha.cn/wp-content/uploads/2021/02/favicon.ico,初录未归挡,个人站点,网站导航,999,999,,,,
99999-200-300-9205,99999,200,300,9205,404导航,https://www.404dh.icu/,,https://www.404dh.icu/wp-content/uploads/2020/01/no404_favicon.ico,初录未归挡,个人站点,网站导航,999,999,,,,
99999-200-300-9206,99999,200,300,9206,搜奇导航,https://www.souqidaohang.com/,,,初录未归挡,个人站点,网站导航,999,,,,,
99999-200-300-9207,99999,200,300,9207,站长聚集地,https://www.laolibab.cn/,,https://www.laolibab.cn/favicon.ico,初录未归挡,个人站点,网站导航,999,999,,,,
99999-200-300-9208,99999,200,300,9208,新秀导航,http://www.xinxiudh.com/,,http://www.xinxiudh.com/favicon.ico,初录未归挡,个人站点,网站导航,999,999,,,,
99999-200-300-9209,99999,200,300,9209,洽初导航,http://qiachu.com/,,http://www.qiachu.com/zb_users/theme/suiranx_nav/image/favicon.ico,初录未归挡,个人站点,网站导航,999,999,,,,
99999-200-300-9210,99999,200,300,9210,乐搜导航,https://lerso.cn/,,,初录未归挡,个人站点,网站导航,999,,,,,
99999-200-300-9211,99999,200,300,9211,懒松鼠,https://lss.vip/,,https://lss.vip/wp-content/uploads/2021/02/favicon.ico,初录未归挡,个人站点,网站导航,999,999,,,,
99999-200-300-9212,99999,200,300,9212,搜图导航,https://www.91sotu.com/,,https://www.91sotu.com/file/img/favicon.ico,初录未归挡,个人站点,网站导航,999,999,,,,
99999-200-300-9213,99999,200,300,9213,超级网站目录,http://www.superdirectorycn.com/,,http://www.superdirectorycn.com/favicon.ico,初录未归挡,个人站点,网站导航,999,999,,,,
99999-200-300-9214,99999,200,300,9214,98导航,http://98dh.cc/,,http://98dh.cc/images/favicon.ico,初录未归挡,个人站点,网站导航,999,999,,,,
99999-200-300-9215,99999,200,300,9215,比格张,https://bigezhang.com/,,https://bigezhang.com/favicon.png,初录未归挡,个人站点,网站导航,999,999,,,,
99999-200-300-9216,99999,200,300,9216,果汁导航,http://www.guozhivip.com/,,http://www.guozhivip.com/images/ic.ico,初录未归挡,个人站点,网站导航,999,999,,,,
99999-200-300-9217,99999,200,300,9217,沃客导航,http://www.waysto.work/,,http://www.waysto.work/favicon.ico,初录未归挡,个人站点,网站导航,999,999,,,,
99999-200-300-9218,99999,200,300,9218,24k导航,https://www.24kdh.com/,,https://www.24kdh.com/wp-content/uploads/2020/07/201910021570016173270585-3.ico,初录未归挡,个人站点,网站导航,999,999,,,,
99999-200-300-9219,99999,200,300,9219,笔点,https://www.bidianer.com/,,https://www.bidianer.com/favicon.ico,初录未归挡,个人站点,网站导航,999,999,,,,
99999-200-300-9220,99999,200,300,9220,看国外,https://www.kanguowai.com/, ,,初录未归挡,个人站点,网站导航,999,,,,,
99999-200-300-9221,99999,200,300,9221,中国网址大全,http://memewang.com/, ,,初录未归挡,个人站点,网站导航,999,,,,,
99999-200-300-9222,99999,200,300,9222,百分百好站上网导航,https://m.59178.com/, ,,初录未归挡,个人站点,网站导航,999,,,,,
99999-200-300-9223,99999,200,300,9223,5566,https://www.5566.net, ,,初录未归挡,个人站点,网站导航,999,,,,,
99999-200-300-9224,99999,200,300,9224,7999,http://7999.com/, ,,初录未归挡,个人站点,网站导航,999,,,,,
99999-200-300-9225,99999,200,300,9225,简约导航,https://www.jianavi.com, ,,初录未归挡,个人站点,网站导航,999,,,,,
99999-200-300-9226,99999,200,300,9226,站搜搜,https://www.zhansousou.com/, ,,初录未归挡,个人站点,网站导航,999,,,,,
99999-200-300-9227,99999,200,300,9227,小呆导航,https://webjike.com/dutynav.html, ,,初录未归挡,个人站点,网站导航,999,,,,,
99999-200-300-9228,99999,200,300,9228,搜酷站,https://www.soukuzhan.com/, ,,初录未归挡,个人站点,网站导航,999,,,,,
99999-200-300-9230,99999,200,300,9230,freepikcompany,https://www.freepikcompany.com/,,,初录未归挡,freepik公司,,999,,,,,
99999-200-300-9231,99999,200,300,9231,freepik,https://www.freepik.com/,Freepik是一个搜索引擎，可以帮助用户为自己的创意项目找到高质量的免费照片，矢量图像，插图和PSD文件。查找免费矢量图库，库存照片和PSD,https://freepik.cdnpk.net/img/favicons/favicon.ico?v=2018082101,初录未归挡,freepik公司,图形搜索,999,999,,256,,
99999-200-300-9232,99999,200,300,9232,flaticon,https://www.flaticon.com/,世界上最大的免费可自定义图标数据库。Flaticon拥有数百万种各种格式的图标。,https://media.flaticon.com/dist/min/img/favicon.ico,初录未归挡,freepik公司,图标,999,999,,32,,
99999-200-300-9233,99999,200,300,9233,slidesgo,https://slidesgo.com/,免费的Google幻灯片和PowerPoint模板,https://slidesgo.com/favicon-32x32.png,初录未归挡,freepik公司,幻灯片,999,,,,,
