序号,1级,2级,3级,级内,简称,网址,描述title,图标地址,版层分类,首要关键词,次要关键词,重点关键词,判断网址,判断图片,其他标签,图标像素,备案/未备案,经营性/非经营性
1001-10-10-100,1001,10,10,100,百度搜索,http://www.baidu.com/, ,https://www.baidu.com/favicon.ico,上网首访,搜索引擎,,,可访,图标,,64,已备案,经营性
1001-12-10-100,1001,12,10,100,Google搜索,https://www.google.com/, ,https://www.google.com/favicon.ico,上网首访,搜索引擎,综合,,可访,图标,,32,境外,
1001-12-10-101,1001,12,10,101,搜狗搜索,https://www.sogou.com/, ,https://www.sogou.com/images/logo/new/favicon.ico?v=4,上网首访,搜索引擎,综合,,可访,图标,,32,已备案,经营性
1001-14-10-100,1001,14,10,100,GIPHY,https://giphy.com/,斗图界的Google,https://giphy.com/static/img/favicon.png,上网首访,搜索引擎,图片,,可访,图标,,16,境外,
1001-15-10-100,1001,15,10,100,鸠摩搜索,https://www.jiumodiary.com/, ,https://www.jiumodiary.com/images/favicon.png,上网首访,搜索引擎,文档,,可访,图标,,20,,
1001-16-10-100,1001,16,10,100,6miu搜索,http://baiduyun.6miu.com/, ,http://baiduyun.6miu.com/favicon.ico,上网首访,搜索引擎,百度云盘,,可访,图标,,32,,
1001-17-10-100,1001,17,10,100,Google 图书,https://books.google.com/,大名鼎鼎的谷歌图书，本想雄心壮志，将古今中文图书一网打尽，一统电子书江湖， 后因版权问题，搁浅。目前，除书目检索外，一些非版权电子书可全文下载，部分有版权的电子书可在线试读。,https://books.google.com/favicon.ico,上网首访,搜索引擎,图书,,可访,图标,,,境外,
1001-18-10-100,1001,18,10,100,懒人全网音乐下载,https://www.eggvod.cn/music/, ,https://www.eggvod.cn/music/favicon.ico,上网首访,搜索引擎,音乐,,可访,图标,,,已备案,
1002-10-10-100,1002,10,10,100,正协信息客栈,https://zhengxie.info/, ,https://zhengxie.info/common/image/favicon.ico,上网首访,网址导航,,,可访,图标,,256,,
1002-12-10-100,1002,12,10,100,QQ导航,https://hao.qq.com/, ,https://upd33.sogoucdn.com/nstatic/img/favicon.ico?v=3,上网首访,网址导航,名企,,可访,图标,,16,已备案,经营性
1002-12-10-101,1002,12,10,101,hao123,https://www.hao123.com/, ,https://www.hao123.com/favicon.ico,上网首访,网址导航,名企,,可访,图标,,32,已备案,经营性
1002-12-10-102,1002,12,10,102,谷歌265,http://www.265.com/, ,http://www.265.com/static/pages/img/favicon.ico,上网首访,网址导航,名企,,可访,,,16,已备案,经营性
1002-12-10-103,1002,12,10,103,搜狗网址导航,https://123.sogou.com/, ,https://upd12.sogoucdn.com/nstatic/img/favicon.ico?v=3,上网首访,网址导航,名企,,可访,图标,,16,已备案,经营性
1002-12-10-104,1002,12,10,104,360导航,https://hao.360.com/, ,https://hao.360.com/favicon.ico,上网首访,网址导航,名企,,可访,图标,,16,已备案,经营性
1002-14-10-100,1002,14,10,100,设计导航,http://hao.shejidaren.com/, ,,上网首访,网址导航,行业,,可访,,,,已备案,
1002-14-10-101,1002,14,10,101,后期狗(GO)导航,http://houqigo.com/, ,http://res.houqigo.com/wp-content/uploads/2020/04/favicon.png,上网首访,网址导航,行业,,可访,图标,,,,
1002-15-10-100,1002,15,10,100,搜图导航,https://www.91sotu.com/, ,https://www.91sotu.com/file/img/favicon.ico,上网首访,网址导航,专业,,可访,图标,,,,
1002-15-10-101,1002,15,10,101,在线图书馆导航,https://www.zxlib.com/, ,https://www.zxlib.com/wp-content/themes/webstack/images/favicon.png,上网首访,网址导航,专业,,可访,图标,,64,,
1002-15-10-102,1002,15,10,102,演示导航,https://www.aboutppt.com/, ,https://www.aboutppt.com/wp-content/uploads/2020/09/ico.ico,上网首访,网址导航,专业,,可访,图标,,128,,
1002-16-10-100,1002,16,10,100,亿万导航,https://www.yiw1.com/, ,https://www.yiw1.com/wp-content/uploads/2020/06/cropped-QQ%E5%9B%BE%E7%89%8720200620110002-32x32.jpg,上网首访,网址导航,其他,,可访,图标,,,,
1002-16-10-101,1002,16,10,101,GitNavi,http://www.gitnavi.com/, ,http://www.gitnavi.com/favicon.ico,上网首访,网址导航,其他,,可访,图标,,32,,
1002-16-10-102,1002,16,10,102,站搜搜,https://www.zhansousou.com/, ,,上网首访,网址导航,其他,,可访,,,,,
1002-16-10-103,1002,16,10,103,404导航,https://www.404dh.icu/, ,https://www.404dh.icu/wp-content/uploads/2020/01/no404_favicon.ico,上网首访,网址导航,其他,,可访,图标,,,,
1002-16-10-104,1002,16,10,104,洽初导航,http://qiachu.com/, ,http://www.qiachu.com/zb_users/theme/suiranx_nav/image/favicon.ico,上网首访,网址导航,其他,,可访,图标,,,,
1002-16-10-105,1002,16,10,105,搜奇导航,https://www.souqidaohang.com/, ,,上网首访,网址导航,其他,,可访,,,,,
1002-16-10-106,1002,16,10,106,小呆导航,https://webjike.com/dutynav.html, ,,上网首访,网址导航,其他,,可访,,,,,
1002-16-10-107,1002,16,10,107,龙喵网,https://ailongmiao.com/, ,https://media.ailongmiao.com/favicon.ico,上网首访,网址导航,其他,,可访,图标,,32,,
1002-16-10-108,1002,16,10,108,24k导航,https://www.24kdh.com/, ,https://www.24kdh.com/wp-content/uploads/2020/07/201910021570016173270585-3.ico,上网首访,网址导航,其他,,可访,图标,,,,
1002-16-10-109,1002,16,10,109,学渣网,https://www.xuezha.cn/, ,https://www.xuezha.cn/wp-content/uploads/2021/02/favicon.ico,上网首访,网址导航,其他,,可访,图标,,,,
1002-16-10-110,1002,16,10,110,98导航,http://98dh.cc/, ,http://98dh.cc/images/favicon.ico,上网首访,网址导航,其他,,可访,图标,,,,
1002-16-10-111,1002,16,10,111,咪起了导航,https://www.miqile.cn/, ,https://www.miqile.cn/wp-content/uploads/2020/09/cropped-20200922145127750476-4-32x32.png,上网首访,网址导航,其他,,可访,图标,,,,
1002-16-10-112,1002,16,10,112,快导航网,https://www.hifast.cn/, ,https://www.hifast.cn/wp-content/uploads/2021/02/hifast.png,上网首访,网址导航,其他,,可访,图标,,80,,
1002-16-10-113,1002,16,10,113,搜酷站,https://www.soukuzhan.com/, ,,上网首访,网址导航,其他,,可访,,,,,
1002-16-10-114,1002,16,10,114,沃客导航,http://www.waysto.work/, ,http://www.waysto.work/favicon.ico,上网首访,网址导航,其他,,可访,图标,,,,
1002-16-10-115,1002,16,10,115,思古搜,https://siguso.com/, ,https://siguso.com/favicon.ico,上网首访,网址导航,其他,,可访,图标,,,,
1002-16-10-116,1002,16,10,116,果汁导航,http://www.guozhivip.com/, ,http://www.guozhivip.com/images/ic.ico,上网首访,网址导航,其他,,可访,图标,,,,
1002-16-10-117,1002,16,10,117,别闹,https://bienao.com/, ,https://static.bienao.com/favicon.ico,上网首访,网址导航,其他,,可访,图标,,48,,
1002-16-10-118,1002,16,10,118,笔点,https://www.bidianer.com/, ,https://www.bidianer.com/favicon.ico,上网首访,网址导航,其他,,可访,图标,,,,
1002-17-10-100,1002,17,10,100,制造者收录网,https://www.cakego.cn/, ,https://www.cakego.cn/favicon.ico,上网首访,网址导航,特殊,,可访,图标,,32,,
1003-10-10-100,1003,10,10,100,网易,https://www.163.com/, ,https://www.163.com/favicon.ico,上网首访,门户网站,,,可访,图标,,16,,
1003-10-10-101,1003,10,10,101,新浪网,https://www.sina.com.cn/, ,https://www.sina.com.cn/favicon.ico,上网首访,门户网站,,,可访,图标,,32,,
1003-10-10-102,1003,10,10,102,搜狐,https://www.sohu.com/, ,https://statics.itc.cn/web/static/images/pic/sohu-logo/favicon.ico,上网首访,门户网站,,,可访,图标,,48,,
5001-10-10-100,5001,10,10,100,招商银行,http://www.cmbchina.com/, ,http://www.cmbchina.com/cmb.ico,大金融,银行,,,可访,图标,,,,
5001-11-10-100,5001,11,10,100,中国人民银行,http://www.pbc.gov.cn/, ,http://www.pbc.gov.cn/rmyh/uiFramework/commonResource/image/logo.ico,大金融,银行,央行,,可访,,,16,已备案,
5001-12-10-100,5001,12,10,100,中国进出口银行,http://www.eximbank.gov.cn/, ,http://www.eximbank.gov.cn/favicon.ico,大金融,银行,政策,,可访,,,64,已备案,
5001-12-10-101,5001,12,10,101,中国农业发展银行,http://www.adbc.com.cn/, ,,大金融,银行,政策,,可访,,,,已备案,
5001-12-10-102,5001,12,10,102,国家开发银行,http://www.cdb.com.cn/, ,,大金融,银行,政策,,可访,,,,已备案,
5001-13-10-100,5001,13,10,100,中国邮政储蓄银行,http://www.psbc.com/cn/, ,https://www.google.com/s2/favicons?domain=http://www.psbc.com/cn/,大金融,银行,邮储,,可访,,,,已备案,
5001-14-10-100,5001,14,10,100,中国银行,https://www.boc.cn/, ,https://www.boc.cn/favicon.ico,大金融,银行,国有,,可访,图标,,16,已备案,
5001-14-10-101,5001,14,10,101,中国工商银行,http://www.icbc.com.cn/icbc/, ,https://www.google.com/s2/favicons?domain=http://www.icbc.com.cn/icbc/,大金融,银行,国有,,可访,,,,已备案,
5001-14-10-102,5001,14,10,102,中国农业银行,http://www.abchina.com/cn/, ,http://www.abchina.com/favicon.ico,大金融,银行,国有,,可访,,,16,已备案,
5001-14-10-103,5001,14,10,103,中国建设银行,http://www.ccb.com/, ,http://www.ccb.com/favicon.ico,大金融,银行,国有,,可访,,,16,已备案,
5001-14-10-104,5001,14,10,104,交通银行,http://www.bankcomm.com/, ,http://www.bankcomm.com/favicon.ico,大金融,银行,国有,,可访,图标,,16,已备案,
5001-15-10-100,5001,15,10,100,招商银行,http://www.cmbchina.com/, ,http://www.cmbchina.com/cmb.ico,大金融,银行,其他,,可访,图标,,48,已备案,
5001-15-10-101,5001,15,10,101,重庆农村商业银行,http://www.cqrcb.com, ,https://www.google.com/s2/favicons?domain=http://www.cqrcb.com,大金融,银行,其他,,可访,,,,已备案,
5001-15-10-102,5001,15,10,102,广州农商银行,http://www.grcbank.com/, ,http://www.grcbank.com/styles/index/images/favicon.ico,大金融,银行,其他,,可访,,,16,已备案,
5001-15-10-103,5001,15,10,103,中信银行,http://www.citicbank.com/, ,http://www.citicbank.com/favicon.ico,大金融,银行,其他,,可访,图标,,16,已备案,
5001-15-10-104,5001,15,10,104,中国光大银行,http://www.cebbank.com/, ,http://www.cebbank.com/favicon.ico,大金融,银行,其他,,可访,图标,,16,已备案,
5001-15-10-105,5001,15,10,105,华夏银行,https://www.hxb.com.cn/, ,https://www.hxb.com.cn/statics/hxb.ico,大金融,银行,其他,,可访,图标,,16,已备案,
5001-15-10-106,5001,15,10,106,兴业银行,https://www.cib.com.cn/, ,https://www.cib.com.cn/favicon.ico,大金融,银行,其他,,可访,图标,,48,已备案,
5001-15-10-107,5001,15,10,107,广发银行,http://www.cgbchina.com.cn/, ,http://www.cgbchina.com.cn/static/CN/images/favicon.ico,大金融,银行,其他,,可访,,,16,已备案,
5001-15-10-108,5001,15,10,108,中国民生银行,http://www.cmbc.com.cn/, ,http://www.cmbc.com.cn/favicon.ico,大金融,银行,其他,,可访,图标,,16,已备案,
5001-15-10-109,5001,15,10,109,浦发银行,https://www.spdb.com.cn/, ,https://www.google.com/s2/favicons?domain=https://www.spdb.com.cn/,大金融,银行,其他,,可访,,,,已备案,
5001-15-10-110,5001,15,10,110,渤海银行,http://www.cbhb.com.cn, ,https://www.google.com/s2/favicons?domain=http://www.cbhb.com.cn,大金融,银行,其他,,可访,,,,已备案,
5001-15-10-111,5001,15,10,111,浙商银行,http://www.czbank.com, ,http://www.czbank.com/cn/images/favicon.ico,大金融,银行,其他,,可访,,,48,已备案,
5001-15-10-112,5001,15,10,112,北京银行,http://www.bankofbeijing.com.cn, ,https://www.google.com/s2/favicons?domain=http://www.bankofbeijing.com.cn,大金融,银行,其他,,可访,,,,已备案,
5001-15-10-113,5001,15,10,113,徽商银行,http://www.hsbank.com.cn, ,http://www.hsbank.com.cn/favicon.ico,大金融,银行,其他,,可访,,,32,已备案,
5001-15-10-114,5001,15,10,114,天津银行,http://www.tccb.com.cn, ,http://www.tccb.com.cn/images/site.ico,大金融,银行,其他,,可访,,,126,已备案,
5001-15-10-115,5001,15,10,115,上海银行,http://www.bankofshanghai.com, ,https://www.bosc.cn/favicon.ico,大金融,银行,其他,,可访,图标,,16,已备案,
5001-15-10-116,5001,15,10,116,南京银行,http://www.njcb.com.cn, ,http://www.njcb.com.cn/favicon.ico,大金融,银行,其他,,可访,,,32,已备案,
5001-15-10-117,5001,15,10,117,宁波银行,http://www.nbcb.com.cn, ,http://www.nbcb.com.cn/images/favicon.ico,大金融,银行,其他,,可访,图标,,16,已备案,
5001-15-10-118,5001,15,10,118,杭州银行,http://www.hccb.com.cn, ,https://www.google.com/s2/favicons?domain=http://www.hccb.com.cn,大金融,银行,其他,,可访,,,,已备案,
5001-15-10-119,5001,15,10,119,江苏银行,http://www.jsbchina.cn, ,http://www.jsbchina.cn/data/tosend/resource/template/jiangsubank/images/favicon.ico,大金融,银行,其他,,可访,,,31,已备案,
5001-15-10-120,5001,15,10,120,蒙商银行,http://www.bsb.com.cn, ,http://www.bsb.com.cn/favicon.ico,大金融,银行,其他,,可访,,,16,已备案,
5001-15-10-121,5001,15,10,121,温州银行,http://www.wzcb.com.cn, ,https://www.google.com/s2/favicons?domain=http://www.wzcb.com.cn,大金融,银行,其他,,可访,,,,已备案,
5001-15-10-122,5001,15,10,122,广州银行,http://www.gzcb.com.cn, ,https://www.google.com/s2/favicons?domain=http://www.gzcb.com.cn,大金融,银行,其他,,可访,图标,,,已备案,
5001-15-10-123,5001,15,10,123,重庆银行,http://www.cqcbank.com, ,https://www.google.com/s2/favicons?domain=http://www.cqcbank.com,大金融,银行,其他,,可访,,,,已备案,
5001-15-10-124,5001,15,10,124,河北银行,http://www.hebbank.com/, ,https://www.google.com/s2/favicons?domain=http://www.hebbank.com/,大金融,银行,其他,,可访,,,,已备案,
5001-15-10-125,5001,15,10,125,青岛银行,http://www.qdccb.com, ,http://www.qdccb.com/favicon.ico,大金融,银行,其他,,可访,,,64,已备案,
5001-15-10-126,5001,15,10,126,哈尔滨银行,http://www.hrbcb.com.cn, ,https://www.google.com/s2/favicons?domain=http://www.hrbcb.com.cn,大金融,银行,其他,,可访,,,,已备案,
5001-15-10-127,5001,15,10,127,大连银行,http://www.bankofdl.com/, ,http://www.bankofdl.com/static/pc/images/favicon.ico,大金融,银行,其他,,可访,,,32,已备案,
5001-15-10-128,5001,15,10,128,恒丰银行,http://m.hfbank.com.cn/, ,https://www.hfbank.com.cn/images/favicon.ico,大金融,银行,其他,,可访,图标,,32,已备案,
5001-15-10-129,5001,15,10,129,北京农商银行,http://www.bjrcb.com, ,https://www.google.com/s2/favicons?domain=http://www.bjrcb.com,大金融,银行,其他,,可访,,,,已备案,
5001-15-10-130,5001,15,10,130,上海农商银行,http://www.srcb.com, ,https://www.google.com/s2/favicons?domain=http://www.srcb.com,大金融,银行,其他,,可访,,,,已备案,
5001-15-10-131,5001,15,10,131,深圳农村商业银行,http://www.4001961200.com/, ,http://www.4001961200.com/themes/szrcb/favicon.ico,大金融,银行,其他,,可访,,,48,已备案,
5002-10-10-100,5002,10,10,100,太平洋保险,http://www.cpic.com.cn/, ,https://www.cpiccdn.com/images/v2/favicon.gif,大金融,保险,,,可访,图标,,32,已备案,
5002-10-10-101,5002,10,10,101,中国人寿,https://www.e-chinalife.com/, ,https://www.google.com/s2/favicons?domain=https://www.e-chinalife.com/,大金融,保险,,,可访,,,,已备案,
5002-10-10-102,5002,10,10,102,中国平安,https://www.pingan.com/, ,https://www.pingan.com/favicon.ico,大金融,保险,,,可访,图标,,16,已备案,
5002-10-10-103,5002,10,10,103,泰康保险,http://www.taikang.com/, ,https://www.google.com/s2/favicons?domain=http://www.taikang.com/,大金融,保险,,,可访,图标,,,已备案,
5002-10-10-104,5002,10,10,104,中国人民保险,https://www.picc.com/, ,https://www.picc.com/favicon.ico,大金融,保险,,,可访,图标,,16,已备案,
5002-10-10-105,5002,10,10,105,新华保险,https://www.newchinalife.com/, ,https://www.newchinalife.com/favicon.ico,大金融,保险,,,可访,图标,,37,已备案,
5002-10-10-106,5002,10,10,106,友邦保险,https://www.aia.com.cn/zh-cn/index.html, ,https://www.aia.com.cn/favicon.ico,大金融,保险,,,可访,图标,,16,已备案,
5003-10-10-100,5003,10,10,100,国信证券,https://www.guosen.com.cn/gs/index.html, ,https://www.guosen.com.cn/favicon.ico,大金融,证券,,,可访,图标,,64,已备案,
5003-10-10-101,5003,10,10,101,国泰君安证券,https://www.gtja.com/, ,https://www.google.com/s2/favicons?domain=https://www.gtja.com/,大金融,证券,,,可访,,,,已备案,
5003-10-10-102,5003,10,10,102,广发证券,http://www.gf.com.cn/, ,http://www.gf.com.cn/images/favicon.ico,大金融,证券,,,可访,,,32,已备案,
5003-10-10-103,5003,10,10,103,中国银河证券,http://www.chinastock.com.cn/, ,https://www.google.com/s2/favicons?domain=http://www.chinastock.com.cn/,大金融,证券,,,可访,图标,,,已备案,
5003-10-10-104,5003,10,10,104,方正证券,https://www.foundersc.com/, ,https://www.foundersc.com/r/cms/www/default/img/logo1.ico,大金融,证券,,,可访,图标,,16,已备案,
5003-10-10-105,5003,10,10,105,光大证券,http://www.ebscn.com/main/index/index.html, ,http://www.ebscn.com/favicon.ico,大金融,证券,,,可访,,,16,已备案,
5003-10-10-106,5003,10,10,106,华泰证券,https://www.htsc.com.cn/, ,https://www.htsc.com.cn/favicon.ico,大金融,证券,,,可访,图标,,16,已备案,
5003-10-10-107,5003,10,10,107,安信证券,http://www.essence.com.cn/, ,http://static1.essence.com.cn/v6/img/logoico.ico,大金融,证券,,,可访,图标,,16,已备案,
5003-10-10-108,5003,10,10,108,西部证券,http://www.west95582.com/jdw/index.html, ,http://www.west95582.com/jdw/images/favicon.ico,大金融,证券,,,可访,图标,,32,已备案,
5003-10-10-109,5003,10,10,109,中信证券,http://www.cs.ecitic.com/newsite/, ,http://www.cs.ecitic.com/newsite/favicon.ico,大金融,证券,,,可访,,,16,已备案,
5003-10-10-110,5003,10,10,110,国海证券,http://www.ghzq.com.cn/, ,https://www.google.com/s2/favicons?domain=http://www.ghzq.com.cn/,大金融,证券,,,可访,图标,,,已备案,
7001-10-10-100,7001,10,10,100,Google AdSense,https://www.google.com/adsense/, ,https://ssl.gstatic.com/adsense/apps/static/bidi/adsense3_antipasti_server_20210317-12_RC00/common/resources/favicon.ico,名企品集,Google,,,可访,图标,,32,,
7001-10-10-101,7001,10,10,101,搜索中心,https://developers.google.com/search/docs/advanced/sitemaps/build-sitemap?visit_id=637512990298136122-3148500149&rd=1#addsitemap, ,https://www.gstatic.com/devrel-devsite/prod/va86e410c3836eceeddcebcf4b4d8ca612c34448e39d45400c1d2761bf99aed92/developers/images/favicon.png,名企品集,Google,,,可访,图标,,32,,
7001-10-10-102,7001,10,10,102,翻译,https://translate.google.cn/, ,https://ssl.gstatic.com/translate/favicon.ico,名企品集,Google,,,可访,图标,,64,,
7001-10-10-103,7001,10,10,103,Google Cloud,https://cloud.google.com/, ,https://www.gstatic.com/devrel-devsite/prod/v3069b08f6c9d146fa6a9c7f184b2836998ab5f12cefec1342a7bf6dca024aa94/cloud/images/favicons/onecloud/favicon.ico,名企品集,Google,,,可访,图标,,32,,
7001-10-10-104,7001,10,10,104,Google搜索,https://www.google.com/, ,https://www.google.com/favicon.ico,名企品集,Google,,,可访,图标,,32,,
7001-10-10-105,7001,10,10,105,云端硬盘,https://drive.google.com/, ,https://ssl.gstatic.com/images/branding/product/1x/drive_2020q4_32dp.png,名企品集,Google,,,可访,图标,,32,,
7001-10-10-106,7001,10,10,106,Gmail,https://mail.google.com/, ,https://ssl.gstatic.com/ui/v1/icons/mail/rfr/gmail.ico,名企品集,Google,,,可访,图标,,256,,
7002-10-10-100,7002,10,10,100,百度统计,https://tongji.baidu.com/, ,https://tongji.baidu.com/favicon.ico,名企品集,百度,,,可访,图标,,32,,
7002-10-10-101,7002,10,10,101,百度贴吧,https://tieba.baidu.com/, ,https://tb1.bdstatic.com/tb/favicon.ico,名企品集,百度,,,可访,图标,,64,,
7002-10-10-102,7002,10,10,102,百度搜索,http://www.baidu.com/, ,https://www.baidu.com/favicon.ico,名企品集,百度,,,可访,图标,,64,,
7002-10-10-103,7002,10,10,103,百度指数,http://index.baidu.com/, ,https://www.baidu.com/favicon.ico,名企品集,百度,,,可访,图标,,64,,
7002-10-10-104,7002,10,10,104,百度网盘,https://pan.baidu.com/, ,https://pan.baidu.com/m-static/base/static/images/favicon.ico,名企品集,百度,,,可访,图标,,32,,
7002-10-10-105,7002,10,10,105,百度贴吧,https://tieba.baidu.com/, ,https://tb1.bdstatic.com/tb/favicon.ico,名企品集,百度,,,可访,图标,,64,,
7002-10-10-106,7002,10,10,106,百度图片,https://image.baidu.com/, ,https://www.baidu.com/cache/icon/favicon.ico,名企品集,百度,,,可访,图标,,64,,
7002-10-10-107,7002,10,10,107,百度地图,https://map.baidu.com/, ,https://map.baidu.com/favicon.ico,名企品集,百度,,,可访,图标,,64,,
7003-10-10-100,7003,10,10,100,CC直播,https://cc.163.com/, ,https://cc.res.netease.com/act/webcc/favicon/favicon.ico,名企品集,网易,,,可访,图标,,16,,
7004-10-10-100,7004,10,10,100,NOW直播,https://now.qq.com/, ,https://now.qq.com/favicon.ico,名企品集,腾讯,,,可访,图标,,16,,
7005-10-10-100,7005,10,10,100,Alibaba,https://www.alibaba.com/, ,https://is.alicdn.com/simg/single/icon/favicon.ico,名企品集,阿里,,,可访,图标,,16,已备案,经营性
8001-10-10-100,8001,10,10,100,共产党员网,http://www.12371.cn/, ,http://p4.img.cctvpic.com/photoAlbum/templet/common/DEPA1356314678315297/sy_dyw377.ico,机关官网,党委,,,可访,图标,,256,已备案,非经营性
8002-10-10-100,8002,10,10,100,中国人大网,http://www.npc.gov.cn/, ,,机关官网,人大,,,可访,,,,,
8003-10-10-100,8003,10,10,100,中国政府网,http://www.gov.cn/,中华人民共和国中央人民政府,http://www.gov.cn/govweb/xhtml/favicon.ico,机关官网,政府,,,可访,图标,,16,,
8003-11-10-100,8003,11,10,100,国务院办公厅,,,,机关官网,政府,国务院,,,,,,,
8003-11-11-101,8003,11,11,101,外交部,https://www.fmprc.gov.cn/web/, ,https://www.google.com/s2/favicons?domain=https://www.fmprc.gov.cn/web/,机关官网,政府,国务院,组成部门,可访,,,,,
8003-11-11-102,8003,11,11,102,国防部,http://www.mod.gov.cn/, ,http://www.mod.gov.cn/favicon.ico,机关官网,政府,国务院,组成部门,可访,,,256,,
8003-11-11-103,8003,11,11,103,国家发展和改革委员会,https://www.ndrc.gov.cn/, ,https://www.google.com/s2/favicons?domain=https://www.ndrc.gov.cn/,机关官网,政府,国务院,组成部门,可访,,,,,
8003-11-11-104,8003,11,11,104,教育部,http://www.moe.gov.cn/, ,http://www.moe.gov.cn/favorite.ico,机关官网,政府,国务院,组成部门,可访,,,16,,
8003-11-11-105,8003,11,11,105,(国家语言文字工作委员会),http://www.moe.gov.cn/jyb_sy/China_Language/, ,http://www.moe.gov.cn/favorite.ico,机关官网,政府,国务院,组成部门,可访,,,16,,
8003-11-11-106,8003,11,11,106,科学技术部,http://www.most.gov.cn/, ,http://www.most.gov.cn/favicon.ico,机关官网,政府,国务院,组成部门,可访,,,16,,
8003-11-11-107,8003,11,11,107,工业和信息化部,https://www.miit.gov.cn/, ,https://www.miit.gov.cn/favicon.ico,机关官网,政府,国务院,组成部门,可访,图标,,32,,
8003-11-11-108,8003,11,11,108,(国家航天局),http://www.cnsa.gov.cn/, ,https://www.google.com/s2/favicons?domain=http://www.cnsa.gov.cn/,机关官网,政府,国务院,组成部门,可访,,,,,
8003-11-11-109,8003,11,11,109,(国家原子能机构),http://www.caea.gov.cn/, ,https://www.google.com/s2/favicons?domain=http://www.caea.gov.cn/,机关官网,政府,国务院,组成部门,可访,,,,,
8003-11-11-110,8003,11,11,110,国家民族事务委员会,http://www.neac.gov.cn/, ,http://www.neac.gov.cn/favicon.ico,机关官网,政府,国务院,组成部门,可访,图标,,32,,
8003-11-11-111,8003,11,11,111,公安部,https://www.mps.gov.cn/, ,https://www.mps.gov.cn/favicon.ico,机关官网,政府,国务院,组成部门,可访,图标,,16,,
8003-11-11-112,8003,11,11,112,国家安全部,, ,,机关官网,政府,国务院,组成部门,,,,,,
8003-11-11-113,8003,11,11,113,民政部,http://www.mca.gov.cn/, ,http://www.mca.gov.cn/favicon.ico,机关官网,政府,国务院,组成部门,可访,,,16,,
8003-11-11-114,8003,11,11,114,司法部,http://www.moj.gov.cn/ , ,http://www.legaldaily.com.cn/tongyong/images/2019sfb/2019favicon.ico,机关官网,政府,国务院,组成部门,可访,,,16,,
8003-11-11-115,8003,11,11,115,财政部,http://www.mof.gov.cn/index.htm , ,http://www.mof.gov.cn/images/favicon.ico,机关官网,政府,国务院,组成部门,可访,,,16,,
8003-11-11-116,8003,11,11,116,人力资源和社会保障部,http://www.mohrss.gov.cn/, ,https://www.google.com/s2/favicons?domain=http://www.mohrss.gov.cn/,机关官网,政府,国务院,组成部门,可访,,,,,
8003-11-11-117,8003,11,11,117,自然资源部,http://www.mnr.gov.cn/, ,,机关官网,政府,国务院,组成部门,可访,,,,,
8003-11-11-118,8003,11,11,118,生态环境部,http://www.mee.gov.cn/, ,http://www.mee.gov.cn/favicon.ico,机关官网,政府,国务院,组成部门,可访,图标,,16,,
8003-11-11-119,8003,11,11,119,(国家核安全局),http://nnsa.mee.gov.cn/, ,http://nnsa.mee.gov.cn/favicon.ico,机关官网,政府,国务院,组成部门,可访,图标,,16,,
8003-11-11-120,8003,11,11,120,住房和城乡建设部,http://www.mohurd.gov.cn/, ,https://www.google.com/s2/favicons?domain=http://www.mohurd.gov.cn/,机关官网,政府,国务院,组成部门,可访,,,,,
8003-11-11-121,8003,11,11,121,交通运输部,http://www.mot.gov.cn/, ,https://www.google.com/s2/favicons?domain=http://www.mot.gov.cn/,机关官网,政府,国务院,组成部门,可访,,,,,
8003-11-11-122,8003,11,11,122,水利部,http://www.mwr.gov.cn/, ,http://www.mwr.gov.cn/favicon.ico,机关官网,政府,国务院,组成部门,可访,,,16,,
8003-11-11-123,8003,11,11,123,农业农村部,http://www.moa.gov.cn/, ,http://www.moa.gov.cn/favicon.ico,机关官网,政府,国务院,组成部门,可访,,,16,,
8003-11-11-124,8003,11,11,124,商务部,http://www.mofcom.gov.cn/, ,http://www.mofcom.gov.cn/assets/i/favicon_bak.png,机关官网,政府,国务院,组成部门,可访,,,32,,
8003-11-11-125,8003,11,11,125,文化和旅游部,https://www.mct.gov.cn/, ,https://www.mct.gov.cn/favicon.ico,机关官网,政府,国务院,组成部门,可访,图标,,32,,
8003-11-11-126,8003,11,11,126,国家卫生健康委员会,http://www.nhc.gov.cn/, ,https://www.google.com/s2/favicons?domain=http://www.nhc.gov.cn/,机关官网,政府,国务院,组成部门,可访,,,,,
8003-11-11-127,8003,11,11,127,退役军人事务部,https://www.mct.gov.cn/, ,http://www.mva.gov.cn/favicon.ico,机关官网,政府,国务院,组成部门,可访,,,16,,
8003-11-11-128,8003,11,11,128,应急管理部,http://www.mem.gov.cn/, ,http://www.mem.gov.cn/image/favicon.ico,机关官网,政府,国务院,组成部门,可访,图标,,64,,
8003-11-11-129,8003,11,11,129,中国人民银行,http://www.pbc.gov.cn/, ,http://www.pbc.gov.cn/rmyh/uiFramework/commonResource/image/logo.ico,机关官网,政府,国务院,组成部门,可访,,,16,,
8003-11-11-130,8003,11,11,130,审计署,http://www.audit.gov.cn/, ,https://www.google.com/s2/favicons?domain=http://www.audit.gov.cn/,机关官网,政府,国务院,组成部门,可访,,,,,
8003-11-12-101,8003,11,12,101,国有资产监督管理委员会,http://www.sasac.gov.cn/,国务院国有资产监督管理委员会,http://www.sasac.gov.cn/dbsource/11869722/11869731.jpg,机关官网,政府,国务院,直属特设机构,可访,,,30,,
8003-11-13-101,8003,11,13,101,海关总署,http://www.customs.gov.cn/, ,https://www.google.com/s2/favicons?domain=http://www.customs.gov.cn/,机关官网,政府,国务院,直属机构,可访,图标,,,,
8003-11-13-102,8003,11,13,102,国家税务总局,http://www.chinatax.gov.cn/, ,https://www.google.com/s2/favicons?domain=http://www.chinatax.gov.cn/,机关官网,政府,国务院,直属机构,可访,,,,,
8003-11-13-103,8003,11,13,103,国家市场监督管理总局,http://www.samr.gov.cn/, ,http://www.samr.gov.cn/favicon.ico,机关官网,政府,国务院,直属机构,可访,,,16,,
8003-11-13-104,8003,11,13,104,(国家认证认可监督管理委员会),http://www.cnca.gov.cn/, ,http://www.cnca.gov.cn/favicon.ico,机关官网,政府,国务院,直属机构,可访,,,16,,
8003-11-13-105,8003,11,13,105,(国家标准化管理委员会),http://www.sac.gov.cn/, ,http://www.sac.gov.cn/favicon.ico,机关官网,政府,国务院,直属机构,可访,,,16,,
8003-11-13-106,8003,11,13,106,国家广播电视总局,http://www.nrta.gov.cn/, ,http://www.nrta.gov.cn/favicon.ico,机关官网,政府,国务院,直属机构,可访,,,32,,
8003-11-13-107,8003,11,13,107,国家体育总局,http://www.sport.gov.cn/, ,https://www.google.com/s2/favicons?domain=http://www.sport.gov.cn/,机关官网,政府,国务院,直属机构,可访,,,,,
8003-11-13-108,8003,11,13,108,国家统计局,http://www.stats.gov.cn/, ,http://www.stats.gov.cn/favicon.ico,机关官网,政府,国务院,直属机构,可访,,,16,,
8003-11-13-109,8003,11,13,109,国家国际发展合作署,http://www.cidca.gov.cn/, ,http://www.cidca.gov.cn/favicon.ico,机关官网,政府,国务院,直属机构,可访,,,16,,
8003-11-13-110,8003,11,13,110,国家医疗保障局,http://www.nhsa.gov.cn/, ,http://www.nhsa.gov.cn/images/1/fp_pic_24.png,机关官网,政府,国务院,直属机构,可访,,,19,,
8003-11-13-111,8003,11,13,111,国务院参事室,http://www.counsellor.gov.cn/, ,https://www.google.com/s2/favicons?domain=http://www.counsellor.gov.cn/,机关官网,政府,国务院,直属机构,可访,,,,,
8003-11-13-112,8003,11,13,112,国家机关事务管理局,http://www.ggj.gov.cn/, ,https://www.google.com/s2/favicons?domain=http://www.ggj.gov.cn/,机关官网,政府,国务院,直属机构,可访,,,,,
8003-11-13-113,8003,11,13,113,国家版权局网,http://www.ncac.gov.cn/, ,http://www.ncac.gov.cn/chinacopyright/favicon.ico,机关官网,政府,国务院,直属机构,可访,,,32,,
8003-11-13-114,8003,11,13,114,国家宗教事务局,http://www.sara.gov.cn/gjzjswjhtml/index.html, ,https://www.google.com/s2/favicons?domain=http://www.sara.gov.cn/gjzjswjhtml/index.html,机关官网,政府,国务院,直属机构,可访,,,,,
8003-11-14-101,8003,11,14,101,国务院港澳事务办公室,https://www.hmo.gov.cn/, ,https://www.google.com/s2/favicons?domain=https://www.hmo.gov.cn/,机关官网,政府,国务院,办事机构,可访,,,,,
8003-11-14-102,8003,11,14,102,国务院研究室,http://www.gov.cn/guoqing/2018-06/22/content_5300522.htm, ,http://www.gov.cn/govweb/xhtml/favicon.ico,机关官网,政府,国务院,办事机构,可访,图标,,16,,
8003-11-14-103,8003,11,14,103,国务院侨务办公室,http://www.gqb.gov.cn/, ,https://www.google.com/s2/favicons?domain=http://www.gqb.gov.cn/,机关官网,政府,国务院,办事机构,可访,,,,,
8003-11-14-104,8003,11,14,104,国务院台湾事务办公室,http://www.gwytb.gov.cn/, ,https://www.google.com/s2/favicons?domain=http://www.gwytb.gov.cn/,机关官网,政府,国务院,办事机构,可访,,,,,
8003-11-14-105,8003,11,14,105,中共中央网络安全和信息化委员会办公室,http://www.cac.gov.cn/, ,http://www.cac.gov.cn/favicon.ico,机关官网,政府,国务院,办事机构,可访,,,16,,
8003-11-14-106,8003,11,14,106,国务院新闻办公室,http://www.scio.gov.cn/index.htm, ,http://www.scio.gov.cn/favicon.ico,机关官网,政府,国务院,办事机构,可访,,,256,,
8003-11-15-101,8003,11,15,101,新华通讯社,http://203.192.6.89/xhs/, ,https://www.google.com/s2/favicons?domain=http://203.192.6.89/xhs/,机关官网,政府,国务院,直属事业单位,可访,,,,,
8003-11-15-102,8003,11,15,102,中国科学院,http://www.cas.ac.cn/, ,http://www.cas.cn/lib/images/favicon.ico,机关官网,政府,国务院,直属事业单位,可访,图标,,64,,
8003-11-15-103,8003,11,15,103,中国社会科学院,http://cass.cssn.cn/, ,http://cass.cssn.cn/favicon.ico,机关官网,政府,国务院,直属事业单位,可访,,,16,,
8003-11-15-104,8003,11,15,104,中国工程院,http://www.cae.cn/, ,http://www.cae.cn/cae/favicon.ico,机关官网,政府,国务院,直属事业单位,可访,图标,,32,,
8003-11-15-105,8003,11,15,105,国务院发展研究中心,https://www.drc.gov.cn/default.aspx, ,https://www.google.com/s2/favicons?domain=https://www.drc.gov.cn/default.aspx,机关官网,政府,国务院,直属事业单位,可访,,,,,
8003-11-15-106,8003,11,15,106,中央广播电视总台,http://www.cnr.cn/, ,http://www.cnr.cn/favicon.ico,机关官网,政府,国务院,直属事业单位,可访,图标,,16,,
8003-11-15-107,8003,11,15,107,中国气象局,http://www.cma.gov.cn/, ,http://www.cma.gov.cn/favicon.ico,机关官网,政府,国务院,直属事业单位,可访,,,16,,
8003-11-15-108,8003,11,15,108,中国银行保险监督管理委员会,http://www.cbirc.gov.cn/cn/view/pages/index/index.html, ,http://www.cbirc.gov.cn/cn/static/favicon.ico,机关官网,政府,国务院,直属事业单位,可访,图标,,128,,
8003-11-15-109,8003,11,15,109,中国证券监督管理委员会,http://www.csrc.gov.cn/pub/newsite/, ,https://www.google.com/s2/favicons?domain=http://www.csrc.gov.cn/pub/newsite/,机关官网,政府,国务院,直属事业单位,可访,,,,,
8003-11-16-101,8003,11,16,101,国家信访局,https://www.gjxfj.gov.cn/gjxfj/index.htm, ,https://www.gjxfj.gov.cn/favicon.ico,机关官网,政府,国务院,国家局,可访,图标,,32,,
8003-11-16-102,8003,11,16,102,国家粮食和物资储备局,http://www.lswz.gov.cn/, ,http://www.lswz.gov.cn/html/xhtml/images/favicon.ico,机关官网,政府,国务院,国家局,可访,,,16,,
8003-11-16-103,8003,11,16,103,国家能源局,http://www.nea.gov.cn/, ,https://www.google.com/s2/favicons?domain=http://www.nea.gov.cn/,机关官网,政府,国务院,国家局,可访,,,,,
8003-11-16-104,8003,11,16,104,国家国防科技工业局,http://www.sastind.gov.cn/, ,https://www.google.com/s2/favicons?domain=http://www.sastind.gov.cn/,机关官网,政府,国务院,国家局,可访,,,,,
8003-11-16-105,8003,11,16,105,国家烟草专卖局,http://www.tobacco.gov.cn/gjyc/index.shtml, ,https://www.google.com/s2/favicons?domain=http://www.tobacco.gov.cn/gjyc/index.shtml,机关官网,政府,国务院,国家局,可访,,,,,
8003-11-16-106,8003,11,16,106,国家移民管理局,https://www.nia.gov.cn/, ,https://www.nia.gov.cn/titlepic/new-guohui.ico,机关官网,政府,国务院,国家局,可访,图标,,1024,,
8003-11-16-107,8003,11,16,107,国家林业和草原局,http://www.forestry.gov.cn/, ,http://www.forestry.gov.cn/favicon.ico,机关官网,政府,国务院,国家局,可访,,,53,,
8003-11-16-108,8003,11,16,108,(国家公园管理局),http://www.forestry.gov.cn/, ,http://www.forestry.gov.cn/favicon.ico,机关官网,政府,国务院,国家局,可访,,,53,,
8003-11-16-109,8003,11,16,109,国家铁路局,http://www.nra.gov.cn/, ,https://www.google.com/s2/favicons?domain=http://www.nra.gov.cn/,机关官网,政府,国务院,国家局,可访,,,,,
8003-11-16-110,8003,11,16,110,中国民用航空局,http://www.caac.gov.cn/index.html, ,http://www.caac.gov.cn/images/favicon.png,机关官网,政府,国务院,国家局,可访,,,197,,
8003-11-16-111,8003,11,16,111,国家邮政局,http://www.spb.gov.cn/, ,https://www.google.com/s2/favicons?domain=http://www.spb.gov.cn/,机关官网,政府,国务院,国家局,可访,,,,,
8003-11-16-112,8003,11,16,112,国家文物局,http://www.ncha.gov.cn/, ,https://www.google.com/s2/favicons?domain=http://www.ncha.gov.cn/,机关官网,政府,国务院,国家局,可访,,,,,
8003-11-16-113,8003,11,16,113,国家中医药管理局,http://www.satcm.gov.cn/, ,http://www.satcm.gov.cn/favicon.ico,机关官网,政府,国务院,国家局,可访,,,256,,
8003-11-16-114,8003,11,16,114,国家矿山安全监察局,http://www.chinacoal-safety.gov.cn/, ,,机关官网,政府,国务院,国家局,可访,,,,,
8003-11-16-115,8003,11,16,115,国家外汇管理局,http://www.safe.gov.cn/, ,http://www.safe.gov.cn/safe/templateresource/372b1dfdab204181b9b4f943a8e926a6/images/safe.ico,机关官网,政府,国务院,国家局,可访,,,32,,
8003-11-16-116,8003,11,16,116,国家药品监督管理局,https://www.nmpa.gov.cn/, ,https://www.nmpa.gov.cn/wbppimages/favicon.ico,机关官网,政府,国务院,国家局,可访,图标,,16,,
8003-11-16-117,8003,11,16,117,国家知识产权局,https://www.cnipa.gov.cn/, ,https://www.cnipa.gov.cn/favicon.ico,机关官网,政府,国务院,国家局,可访,图标,,128,,
8003-11-16-118,8003,11,16,118,国家档案局,https://www.saac.gov.cn/, ,https://www.google.com/s2/favicons?domain=https://www.saac.gov.cn/,机关官网,政府,国务院,国家局,可访,,,,,
8003-11-16-119,8003,11,16,119,国家保密局,http://www.gjbmj.gov.cn/, ,https://www.google.com/s2/favicons?domain=http://www.gjbmj.gov.cn/,机关官网,政府,国务院,国家局,可访,,,,,
8003-11-16-120,8003,11,16,120,国家密码管理局,https://www.oscca.gov.cn/, ,https://www.google.com/s2/favicons?domain=https://www.oscca.gov.cn/,机关官网,政府,国务院,国家局,可访,,,,,
8003-11-17-101,8003,11,17,101,香港中联办,http://www.locpg.hk/,中央人民政府驻香港特别行政区联络办公室,http://www.locpg.hk/favicon.ico,机关官网,政府,国务院,派出机构,可访,,,32,,
8003-11-17-102,8003,11,17,102,澳门中联办,http://www.zlb.gov.cn/,中央人民政府驻澳门特别行政区联络办公室, ,机关官网,政府,国务院,派出机构,可访,,,,,
8003-11-17-103,8003,11,17,103,中央驻港国家安全公署,,中央人民政府驻香港特别行政区维护国家安全公署, ,机关官网,政府,国务院,派出机构,,,,,,
8004-10-10-100,8004,10,10,100,中国政协网,http://www.cppcc.gov.cn/, ,http://www.cppcc.gov.cn/image/favicon.ico,机关官网,政协,,,可访,,,16,,
8004-11-10-100,8004,11,10,100,北京市政协,http://www.bjzx.gov.cn/, ,http://test1.ttde.cn/bjzx/m/image/favicon.ico,机关官网,政协,北京市,,可访,,,25,,
8004-12-10-100,8004,12,10,100,天津市政协,http://www.tjszx.gov.cn/, ,https://www.google.com/s2/favicons?domain=http://www.tjszx.gov.cn/,机关官网,政协,天津市,,可访,,,,,
8004-13-10-100,8004,13,10,100,上海市政协,http://www.shszx.gov.cn/, ,https://www.google.com/s2/favicons?domain=http://www.shszx.gov.cn/,机关官网,政协,上海市,,可访,,,,,
8004-14-10-100,8004,14,10,100,重庆市政协,http://www.cqzx.gov.cn/, ,https://www.google.com/s2/favicons?domain=http://www.cqzx.gov.cn/,机关官网,政协,重庆市,,可访,,,,,
8004-15-10-100,8004,15,10,100,广西壮族自治区政协,http://www.gxzx.gov.cn/, ,http://www.gxzx.gov.cn/favicon.ico,机关官网,政协,广西壮族自治区,,可访,,,241,,
8004-16-10-100,8004,16,10,100,内蒙古自治区政协,http://www.nmgzx.gov.cn/webpage/homepage/index.html, ,http://www.nmgzx.gov.cn/favicon.ico,机关官网,政协,内蒙古自治区,,可访,图标,,268,,
8004-17-10-100,8004,17,10,100,宁夏回族自治区政协,http://www.nxzx.gov.cn/, ,https://www.google.com/s2/favicons?domain=http://www.nxzx.gov.cn/,机关官网,政协,宁夏回族自治区,,可访,,,,,
8004-18-10-100,8004,18,10,100,西藏自治区政协,http://www.xizangzx.gov.cn/, ,http://www.xizangzx.gov.cn/images/favicon.ico,机关官网,政协,西藏自治区,,可访,,,16,,
8004-19-10-100,8004,19,10,100,新疆维吾尔自治区政协,http://www.xjzx.gov.cn/, ,https://www.google.com/s2/favicons?domain=http://www.xjzx.gov.cn/,机关官网,政协,新疆维吾尔自治区,,可访,,,,,
8004-20-10-100,8004,20,10,100,安徽省政协,http://www.ahzx.gov.cn/, ,https://www.google.com/s2/favicons?domain=http://www.ahzx.gov.cn/,机关官网,政协,安徽省,,可访,,,,,
8004-21-10-100,8004,21,10,100,福建省政协,http://www.fjzx.gov.cn/, ,http://www.fjzx.gov.cn/r/cms/www/fjszxmhwz/image/favicon.ico,机关官网,政协,福建省,,可访,,,25,,
8004-22-10-100,8004,22,10,100,甘肃省政协,http://www.gszx.gov.cn/, ,http://www.gszx.gov.cn/favicon.ico,机关官网,政协,甘肃省,,可访,,,32,,
8004-23-10-100,8004,23,10,100,广东省政协,http://www.gdzxb.gov.cn/, ,http://www.gdzxb.gov.cn/favicon.ico,机关官网,政协,广东省,,可访,,,32,,
8004-23-11-101,8004,23,11,101,广州市政协,https://www.gzzx.gov.cn/, ,https://www.gzzx.gov.cn/images/iconcf134.ico,机关官网,政协,广东省,广州市,可访,图标,,40,,
8004-23-12-101,8004,23,12,101,深圳市政协,http://www.szzx.gov.cn/, ,https://www.google.com/s2/favicons?domain=http://www.szzx.gov.cn/,机关官网,政协,广东省,深圳市,可访,,,,,
8004-23-13-101,8004,23,13,101,珠海市政协,http://www.zhzx.gov.cn/, ,https://www.google.com/s2/favicons?domain=http://www.zhzx.gov.cn/,机关官网,政协,广东省,珠海市,可访,,,,,
8004-23-14-101,8004,23,14,101,汕头市政协,http://stzx.shantou.gov.cn/, ,https://www.google.com/s2/favicons?domain=http://stzx.shantou.gov.cn/,机关官网,政协,广东省,汕头市,可访,,,,,
8004-23-14-102,8004,23,14,102,金平区政协,http://www.jpzx.gov.cn/welcome, ,http://www.jpzx.gov.cn/favicon.ico,机关官网,政协,广东省,汕头市,可访,图标,,16,,
8004-23-15-101,8004,23,15,101,佛山市政协,http://www.fszx.gov.cn/, ,https://www.google.com/s2/favicons?domain=http://www.fszx.gov.cn/,机关官网,政协,广东省,佛山市,可访,,,,,
8004-23-16-101,8004,23,16,101,韶关市政协,http://www.sgzxb.gov.cn/, ,https://www.google.com/s2/favicons?domain=http://www.sgzxb.gov.cn/,机关官网,政协,广东省,韶关市,可访,,,,,
8004-23-17-101,8004,23,17,101,河源市政协,http://www.gdhyzx.gov.cn/hyzx/index.html, ,https://www.google.com/s2/favicons?domain=http://www.gdhyzx.gov.cn/hyzx/index.html,机关官网,政协,广东省,河源市,可访,,,,,
8004-23-18-101,8004,23,18,101,梅州市政协,http://www.mzzx.gov.cn/, ,https://www.google.com/s2/favicons?domain=http://www.mzzx.gov.cn/,机关官网,政协,广东省,梅州市,可访,,,,,
8004-23-19-101,8004,23,19,101,惠州市政协,http://zx.huizhou.gov.cn/, ,https://www.google.com/s2/favicons?domain=http://zx.huizhou.gov.cn/,机关官网,政协,广东省,惠州市,可访,,,,,
8004-23-20-101,8004,23,20,101,汕尾市政协,http://www.swzx.gov.cn/, ,https://www.google.com/s2/favicons?domain=http://www.swzx.gov.cn/,机关官网,政协,广东省,汕尾市,可访,,,,,
8004-23-21-101,8004,23,21,101,东莞市政协,http://dgzx.dg.gov.cn/, ,https://www.google.com/s2/favicons?domain=http://dgzx.dg.gov.cn/,机关官网,政协,广东省,东莞市,可访,,,,,
8004-23-22-101,8004,23,22,101,中山市政协,http://zszx.zsnews.cn/, ,https://www.google.com/s2/favicons?domain=http://zszx.zsnews.cn/,机关官网,政协,广东省,中山市,可访,,,,,
8004-23-23-101,8004,23,23,101,江门市政协,http://zx.jiangmen.cn/, ,https://www.google.com/s2/favicons?domain=http://zx.jiangmen.cn/,机关官网,政协,广东省,江门市,可访,,,,,
8004-23-24-101,8004,23,24,101,阳江市政协,https://www.yjszx.gov.cn/default.html, ,https://www.google.com/s2/favicons?domain=https://www.yjszx.gov.cn/default.html,机关官网,政协,广东省,阳江市,可访,,,,,
8004-23-25-101,8004,23,25,101,湛江市政协,http://www.gdzjzx.gov.cn/, ,https://www.google.com/s2/favicons?domain=http://www.gdzjzx.gov.cn/,机关官网,政协,广东省,湛江市,可访,图标,,,,
8004-23-26-101,8004,23,26,101,茂名市政协,http://zx.maoming.gov.cn/website/main/jsp/index.jsp, ,https://www.google.com/s2/favicons?domain=http://zx.maoming.gov.cn/website/main/jsp/index.jsp,机关官网,政协,广东省,茂名市,可访,,,,,
8004-23-27-101,8004,23,27,101,肇庆市政协,http://zqzx.gov.cn/index.html, ,https://www.google.com/s2/favicons?domain=http://zqzx.gov.cn/index.html,机关官网,政协,广东省,肇庆市,可访,,,,,
8004-23-28-101,8004,23,28,101,潮州市政协,http://czzx.gov.cn/, ,https://www.google.com/s2/favicons?domain=http://czzx.gov.cn/,机关官网,政协,广东省,潮州市,可访,,,,,
8004-23-29-101,8004,23,29,101,揭阳市政协,http://www.jieyangzhengxie.gov.cn/, ,https://www.google.com/s2/favicons?domain=http://www.jieyangzhengxie.gov.cn/,机关官网,政协,广东省,揭阳市,可访,,,,,
8004-23-30-101,8004,23,30,101,云浮市政协,http://zx.yunfu.gov.cn/, ,https://www.google.com/s2/favicons?domain=http://zx.yunfu.gov.cn/,机关官网,政协,广东省,云浮市,可访,,,,,
8004-24-10-100,8004,24,10,100,贵州省政协,https://www.gzszx.gov.cn/, ,https://www.google.com/s2/favicons?domain=https://www.gzszx.gov.cn/,机关官网,政协,贵州省,,可访,,,,,
8004-25-10-100,8004,25,10,100,海南省政协,http://www.hainanzx.gov.cn/default.html, ,https://www.google.com/s2/favicons?domain=http://www.hainanzx.gov.cn/default.html,机关官网,政协,海南省,,可访,,,,,
8004-26-10-100,8004,26,10,100,河北省政协,http://www.hebzx.gov.cn/, ,https://www.google.com/s2/favicons?domain=http://www.hebzx.gov.cn/,机关官网,政协,河北省,,可访,,,,,
8004-27-10-100,8004,27,10,100,河南省政协,http://www.hnzx.gov.cn/, ,https://www.google.com/s2/favicons?domain=http://www.hnzx.gov.cn/,机关官网,政协,河南省,,可访,图标,,,,
8004-28-10-100,8004,28,10,100,黑龙江省政协,http://www.hljzx.gov.cn/, ,https://www.google.com/s2/favicons?domain=http://www.hljzx.gov.cn/,机关官网,政协,黑龙江省,,可访,,,,,
8004-28-11-101,8004,28,11,101,哈尔滨市政协,https://www.hrbzx.gov.cn/, ,https://www.google.com/s2/favicons?domain=https://www.hrbzx.gov.cn/,机关官网,政协,黑龙江省,哈尔滨市,可访,,,,,
8004-29-10-100,8004,29,10,100,湖北省政协,https://www.hbzx.gov.cn/, ,https://www.hbzx.gov.cn/favicon.ico,机关官网,政协,湖北省,,可访,图标,,32,,
8004-29-11-101,8004,29,11,101,武汉市政协,http://www.whzx.org.cn/, ,https://www.google.com/s2/favicons?domain=http://www.whzx.org.cn/,机关官网,政协,湖北省,武汉市,可访,,,,,
8004-30-10-100,8004,30,10,100,湖南省政协,https://www.hunanzx.gov.cn/, ,https://www.google.com/s2/favicons?domain=https://www.hunanzx.gov.cn/,机关官网,政协,湖南省,,可访,,,,,
8004-31-10-100,8004,31,10,100,吉林省政协,http://www.jlzx.gov.cn/index.jhtml, ,https://www.google.com/s2/favicons?domain=http://www.jlzx.gov.cn/index.jhtml,机关官网,政协,吉林省,,可访,,,,,
8004-32-10-100,8004,32,10,100,江苏省政协,http://www.jszx.gov.cn/, ,https://www.google.com/s2/favicons?domain=http://www.jszx.gov.cn/,机关官网,政协,江苏省,,可访,,,,,
8004-33-10-100,8004,33,10,100,江西省政协,https://jxzx.jxnews.com.cn/, ,https://www.google.com/s2/favicons?domain=https://jxzx.jxnews.com.cn/,机关官网,政协,江西省,,可访,,,,,
8004-34-10-100,8004,34,10,100,辽宁省政协,http://www.lnzx.gov.cn/, ,https://www.google.com/s2/favicons?domain=http://www.lnzx.gov.cn/,机关官网,政协,辽宁省,,可访,,,,,
8004-35-10-100,8004,35,10,100,青海省政协,http://www.qhszx.gov.cn/, ,https://www.google.com/s2/favicons?domain=http://www.qhszx.gov.cn/,机关官网,政协,青海省,,可访,,,,,
8004-36-10-100,8004,36,10,100,山东省政协,http://www.sdzx.gov.cn/, ,https://www.google.com/s2/favicons?domain=http://www.sdzx.gov.cn/,机关官网,政协,山东省,,可访,,,,,
8004-37-10-100,8004,37,10,100,山西省政协,http://www.shanxizx.gov.cn/, ,https://www.google.com/s2/favicons?domain=http://www.shanxizx.gov.cn/,机关官网,政协,山西省,,可访,,,,,
8004-38-10-100,8004,38,10,100,陕西省政协,http://www.sxzx.gov.cn/, ,http://www.sxzx.gov.cn/favicon.ico,机关官网,政协,陕西省,,可访,,,32,,
8004-39-10-100,8004,39,10,100,四川省政协,http://www.sczx.gov.cn/, ,https://www.google.com/s2/favicons?domain=http://www.sczx.gov.cn/,机关官网,政协,四川省,,可访,,,,,
8004-40-10-100,8004,40,10,100,云南省政协,http://www.ynzx.gov.cn/, ,https://www.google.com/s2/favicons?domain=http://www.ynzx.gov.cn/,机关官网,政协,云南省,,可访,,,,,
8004-41-10-100,8004,41,10,100,浙江省政协,http://www.zjzx.gov.cn/, ,http://www.zjzx.gov.cn/favicon.ico,机关官网,政协,浙江省,,可访,,,32,,
8005-10-10-100,8005,10,10,100, ,,,,机关官网,民主党派,,,,,,,,
8005-11-10-100,8005,11,10,100,中国国民党革命委员会,http://www.minge.gov.cn/,民革,,机关官网,民主党派,民革,,可访,,,,,
8005-12-10-100,8005,12,10,100,中国民主同盟,https://www.mmzy.org.cn/,民盟,,机关官网,民主党派,民盟,,可访,,,,,
8005-13-10-100,8005,13,10,100,中国民主建国会,https://www.cndca.org.cn/,民建,,机关官网,民主党派,民建,,可访,,,,,
8005-14-10-100,8005,14,10,100,中国民主促进会,https://www.mj.org.cn/,民进,,机关官网,民主党派,民进,,可访,,,,,
8005-15-10-100,8005,15,10,100,中国农工民主党,http://www.ngd.org.cn/,农工党,,机关官网,民主党派,农工党,,可访,,,,,
8005-16-10-100,8005,16,10,100,中国致公党,http://www.zg.org.cn/, ,,机关官网,民主党派,致公党,,可访,,,,,
8005-17-10-100,8005,17,10,100,九三学社,http://www.93.gov.cn/, ,,机关官网,民主党派,九三学社,,可访,,,,,
8005-18-10-100,8005,18,10,100,台湾民主自治同盟,https://www.taimeng.org.cn/,台盟,,机关官网,民主党派,台盟,,可访,,,,,
8006-10-10-100,8006,10,10,100,光明网,http://www.gmw.cn/, ,http://www.gmw.cn/favicon.ico,机关官网,媒体,,,可访,图标,,64,,
8006-11-10-100,8006,11,10,100,中国日报网,http://www.chinadaily.com.cn/, ,http://www.chinadaily.com.cn/favicon.ico,机关官网,媒体,机关媒体,,可访,图标,,32,,
8006-11-11-101,8006,11,11,101,人民网,http://www.people.com.cn/, ,http://www.people.com.cn/favicon.ico,机关官网,媒体,机关媒体,中央媒体,可访,,,16,已备案,经营性
8006-11-11-102,8006,11,11,102,新华网,http://www.xinhuanet.com/, ,http://www.xinhuanet.com/favicon.ico,机关官网,媒体,机关媒体,中央媒体,可访,,,16,已备案,经营性
8006-11-11-103,8006,11,11,103,求是网,http://www.qstheory.cn/, ,http://www.qstheory.cn/favicon.ico,机关官网,媒体,机关媒体,中央媒体,可访,,,16,已备案,经营性
8006-11-11-104,8006,11,11,104,中国军网,http://www.81.cn/,解放军报社,,机关官网,媒体,机关媒体,中央媒体,可访,,,,,
8006-11-11-105,8006,11,11,105,光明网,http://www.gmw.cn/, ,http://www.gmw.cn/favicon.ico,机关官网,媒体,机关媒体,中央媒体,可访,图标,,64,已备案,经营性
8006-11-11-106,8006,11,11,106,中国经济网,http://www.ce.cn/, ,http://www.ce.cn/favicon.ico,机关官网,媒体,机关媒体,中央媒体,可访,,,16,已备案,经营性
8006-11-11-107,8006,11,11,107,中国日报网,http://www.chinadaily.com.cn/, ,http://www.chinadaily.com.cn/favicon.ico,机关官网,媒体,机关媒体,中央媒体,可访,图标,,32,已备案,经营性
8006-11-11-108,8006,11,11,108,央广网,http://www.cnr.cn/, ,http://www.cnr.cn/favicon.ico,机关官网,媒体,机关媒体,中央媒体,可访,图标,,16,已备案,经营性
8006-11-11-109,8006,11,11,109,央视网,https://www.cctv.com/, ,https://www.cctv.com/favicon.ico,机关官网,媒体,机关媒体,中央媒体,可访,图标,,16,已备案,经营性
8006-11-11-110,8006,11,11,110,国际在线,http://www.cri.cn/, ,http://www.cri.cn/favicon.ico,机关官网,媒体,机关媒体,中央媒体,可访,,,16,已备案,经营性
8006-11-11-111,8006,11,11,111,中国科技网,http://www.stdaily.com/,科技日报,,机关官网,媒体,机关媒体,中央媒体,可访,,,,,
8006-11-11-112,8006,11,11,112,中国纪检监察报,http://www.jjjcb.cn/, ,,机关官网,媒体,机关媒体,中央媒体,可访,,,,,
8006-11-11-113,8006,11,11,113,中工网,http://www.workercn.cn/,工人日报,http://www.workercn.cn/favicon.ico,机关官网,媒体,机关媒体,中央媒体,可访,,,32,已备案,经营性
8006-11-11-114,8006,11,11,114,中青在线,http://www.cyol.com/,中国青年报,http://www.cyol.com/themes/cyol/assets/images/cyol/cyol_logo.png,机关官网,媒体,机关媒体,中央媒体,可访,,,72,已备案,经营性
8006-11-11-115,8006,11,11,115,中国妇女网,http://www.cnwomen.com.cn/,中国妇女报,,机关官网,媒体,机关媒体,中央媒体,可访,,,,,
8006-11-11-116,8006,11,11,116,中国农网,http://www.farmer.com.cn/,农民日报,,机关官网,媒体,机关媒体,中央媒体,可访,,,,,
8006-11-11-117,8006,11,11,117,法制网,http://www.legaldaily.com.cn/,法制日报,,机关官网,媒体,机关媒体,中央媒体,可访,,,,,
8006-11-11-118,8006,11,11,118,中国新闻网,http://www.chinanews.com/,中新社,https://www.google.com/s2/favicons?domain=http://www.chinanews.com/,机关官网,媒体,机关媒体,中央媒体,可访,,,,已备案,经营性
8006-11-12-101,8006,11,12,101,中国网,http://www.china.com.cn/index.shtml, ,http://www.china.com.cn/favicon.ico,机关官网,媒体,机关媒体,其他,可访,,,32,已备案,经营性
8006-11-12-102,8006,11,12,102,正义网,http://www.jcrb.com/, ,http://www.jcrb.com/favicon.ico,机关官网,媒体,机关媒体,其他,可访,,,32,已备案,经营性
8006-11-12-103,8006,11,12,103,中国法院网,https://www.chinacourt.org/index.shtml, ,https://www.chinacourt.org/share/images/favicon.ico,机关官网,媒体,机关媒体,其他,可访,图标,,16,已备案,经营性
8006-11-12-104,8006,11,12,104,中国青年网,http://www.youth.cn/, ,,机关官网,媒体,机关媒体,其他,可访,,,,已备案,经营性
